,,,,,,,,,,,,,,,,,,,,,,,,
,,,,,,,,,,,,,,,,,,,,,,,,
,H1,H2,H3,H4,H5,H6,H7,H8,H9,H10,H11,H12,H13,H14,H15,H16,H17,H18,H19,H20,H21,H22,H23,H24
1/1/2024,"1,139.6","1,147.0","1,133.0","1,106.8","1,090.3","1,069.5","1,073.5","1,023.8","1,063.8","1,090.4","1,115.4","1,161.4","1,170.0","1,200.5","1,201.8","1,194.4","1,191.5","1,181.6","1,260.8","1,282.3","1,283.7","1,289.1","1,261.5","1,215.0"
1/2/2024,"1,167.7","1,135.2","1,106.0","1,076.2","1,058.3","1,082.0","1,120.0","1,275.9","1,406.0","1,495.6","1,536.5","1,569.2","1,591.2","1,610.0","1,630.9","1,595.7","1,545.4","1,420.2","1,481.8","1,475.2","1,434.2","1,397.4","1,342.6","1,278.8"
1/3/2024,"1,214.3","1,172.3","1,131.5","1,112.9","1,093.6","1,118.8","1,168.9","1,316.9","1,383.8","1,467.2","1,497.8","1,544.3","1,561.0","1,603.3","1,648.0","1,664.0","1,572.0","1,464.0","1,526.4","1,511.5","1,485.5","1,454.9","1,408.6","1,344.7"
1/4/2024,"1,269.2","1,212.8","1,163.7","1,128.0","1,107.8","1,136.7","1,169.7","1,299.3","1,408.6","1,520.3","1,566.4","1,589.1","1,632.8","1,648.2","1,674.7","1,637.5","1,593.0","1,467.8","1,511.2","1,496.9","1,459.6","1,437.2","1,380.5","1,324.5"
1/5/2024,"1,250.0","1,197.3","1,151.6","1,122.8","1,108.9","1,126.2","1,154.8","1,313.6","1,415.7","1,510.0","1,578.5","1,614.0","1,640.2","1,672.6","1,678.8","1,669.6","1,611.5","1,503.0","1,489.8","1,494.2","1,449.4","1,434.6","1,384.8","1,327.5"
1/6/2024,"1,265.7","1,210.4","1,180.7","1,168.2","1,137.6","1,150.1","1,145.5","1,227.3","1,308.7","1,404.2","1,443.8","1,476.3","1,473.0","1,451.1","1,446.0","1,428.9","1,433.8","1,412.0","1,433.5","1,424.8","1,428.4","1,405.4","1,365.5","1,308.6"
1/7/2024,"1,269.1","1,221.3","1,178.3","1,143.2","1,114.8","1,099.1","1,094.8","1,076.6","1,116.6","1,167.1","1,225.3","1,263.9","1,309.9","1,299.9","1,319.2","1,317.9","1,320.6","1,294.9","1,383.1","1,387.9","1,395.3","1,383.3","1,356.9","1,298.6"
1/8/2024,"1,257.5","1,216.5","1,166.6","1,144.9","1,126.1","1,161.2","1,193.1","1,352.5","1,443.1","1,517.7","1,580.6","1,587.8","1,610.6","1,653.0","1,681.5","1,682.9","1,612.2","1,512.4","1,506.2","1,493.0","1,472.3","1,464.6","1,399.7","1,365.9"
1/9/2024,"1,304.6","1,245.3","1,205.8","1,174.7","1,146.8","1,127.6","1,126.4","1,128.9","1,175.2","1,227.8","1,288.4","1,335.5","1,373.3","1,390.0","1,437.7","1,452.1","1,441.1","1,407.3","1,467.4","1,477.2","1,490.0","1,491.9","1,451.4","1,393.5"
1/10/2024,"1,326.8","1,260.7","1,200.3","1,172.6","1,150.8","1,166.9","1,203.9","1,353.3","1,490.6","1,579.7","1,645.9","1,683.6","1,726.0","1,746.2","1,770.6","1,721.8","1,643.2","1,534.2","1,544.2","1,550.9","1,516.8","1,487.8","1,455.5","1,398.2"
1/11/2024,"1,309.8","1,257.1","1,215.5","1,190.5","1,168.9","1,181.6","1,227.8","1,386.8","1,492.9","1,554.6","1,619.3","1,673.9","1,693.2","1,743.5","1,754.9","1,749.0","1,692.4","1,557.8","1,578.0","1,575.6","1,551.5","1,530.9","1,487.4","1,435.2"
1/12/2024,"1,337.5","1,276.8","1,243.4","1,213.2","1,183.9","1,181.2","1,218.2","1,364.5","1,478.9","1,565.6","1,617.1","1,643.0","1,681.8","1,714.9","1,684.8","1,671.4","1,611.8","1,477.7","1,555.0","1,551.8","1,504.6","1,492.3","1,419.2","1,351.3"
1/13/2024,"1,298.1","1,245.5","1,176.6","1,154.5","1,124.3","1,132.7","1,150.1","1,203.3","1,320.4","1,389.9","1,451.7","1,469.7","1,475.6","1,463.3","1,477.2","1,475.4","1,439.2","1,407.8","1,450.9","1,452.7","1,410.8","1,381.9","1,336.4","1,298.4"
1/14/2024,"1,268.4","1,207.3","1,190.1","1,148.2","1,116.1","1,104.1","1,103.0","1,091.3","1,151.1","1,193.5","1,235.3","1,306.3","1,335.7","1,337.6","1,348.9","1,357.5","1,353.0","1,340.3","1,370.7","1,366.4","1,364.6","1,357.1","1,339.3","1,294.0"
1/15/2024,"1,255.1","1,179.8","1,126.4","1,107.2","1,094.8","1,129.3","1,168.7","1,360.4","1,460.7","1,542.7","1,619.4","1,654.0","1,689.3","1,721.5","1,745.1","1,706.6","1,657.7","1,527.6","1,519.1","1,524.3","1,512.8","1,489.5","1,453.1","1,391.0"
1/16/2024,"1,313.4","1,258.2","1,220.7","1,188.3","1,164.5","1,193.3","1,229.2","1,365.0","1,470.2","1,537.1","1,618.6","1,664.3","1,686.0","1,719.5","1,747.7","1,737.4","1,687.8","1,555.0","1,556.1","1,570.0","1,528.9","1,525.1","1,477.2","1,421.5"
1/17/2024,"1,332.3","1,253.0","1,207.5","1,190.0","1,164.5","1,209.3","1,241.3","1,396.1","1,493.9","1,578.3","1,646.3","1,690.0","1,685.7","1,738.0","1,778.8","1,765.7","1,725.8","1,593.5","1,571.8","1,576.8","1,555.6","1,541.0","1,498.8","1,452.7"
1/18/2024,"1,355.7","1,297.5","1,262.7","1,229.8","1,203.1","1,225.8","1,257.5","1,425.3","1,514.3","1,604.9","1,657.3","1,696.6","1,712.6","1,748.2","1,760.1","1,753.7","1,692.7","1,572.3","1,576.8","1,571.3","1,559.5","1,536.6","1,514.5","1,451.3"
1/19/2024,"1,375.1","1,319.9","1,271.1","1,235.4","1,206.9","1,228.4","1,250.2","1,374.6","1,498.6","1,589.6","1,653.6","1,674.3","1,707.3","1,767.6","1,749.6","1,745.0","1,694.7","1,549.6","1,581.4","1,567.8","1,536.7","1,486.6","1,451.6","1,386.4"
1/20/2024,"1,332.9","1,273.3","1,219.5","1,173.2","1,154.2","1,160.9","1,178.5","1,233.5","1,341.3","1,416.1","1,489.0","1,483.6","1,473.1","1,476.7","1,504.4","1,487.4","1,467.5","1,417.0","1,452.0","1,455.4","1,421.2","1,410.4","1,367.3","1,326.7"
1/21/2024,"1,299.9","1,264.7","1,247.1","1,205.2","1,175.2","1,160.0","1,163.9","1,125.8","1,195.7","1,212.2","1,281.3","1,322.6","1,345.0","1,369.4","1,372.3","1,376.4","1,370.1","1,365.5","1,383.3","1,390.4","1,410.7","1,427.1","1,391.5","1,350.7"
1/22/2024,"1,319.8","1,281.1","1,239.3","1,209.6","1,188.7","1,227.9","1,278.6","1,436.9","1,549.2","1,617.1","1,659.8","1,692.1","1,727.6","1,777.9","1,767.6","1,759.5","1,709.0","1,563.4","1,567.7","1,570.2","1,551.0","1,543.4","1,505.0","1,441.6"
1/23/2024,"1,361.6","1,296.9","1,248.2","1,213.7","1,195.5","1,222.0","1,264.0","1,413.2","1,538.9","1,598.0","1,674.2","1,700.6","1,737.3","1,775.7","1,803.6","1,786.7","1,717.4","1,575.8","1,560.0","1,566.0","1,563.9","1,535.4","1,513.5","1,442.3"
1/24/2024,"1,375.3","1,320.5","1,262.6","1,215.5","1,205.1","1,230.2","1,259.1","1,388.4","1,487.9","1,585.3","1,658.1","1,690.9","1,712.5","1,758.4","1,796.0","1,785.2","1,733.8","1,611.8","1,600.4","1,587.3","1,561.1","1,541.8","1,503.4","1,439.8"
1/25/2024,"1,371.7","1,319.1","1,271.4","1,238.6","1,205.4","1,203.4","1,238.7","1,403.6","1,528.0","1,611.4","1,668.3","1,730.7","1,732.5","1,780.9","1,788.8","1,781.0","1,727.6","1,591.8","1,565.3","1,556.9","1,531.4","1,512.2","1,480.1","1,422.9"
1/26/2024,"1,344.0","1,293.3","1,222.8","1,200.9","1,163.5","1,172.6","1,219.7","1,383.3","1,487.1","1,569.2","1,636.7","1,655.1","1,706.5","1,737.0","1,757.2","1,738.0","1,684.1","1,556.3","1,546.7","1,545.8","1,514.2","1,481.6","1,443.8","1,386.8"
1/27/2024,"1,325.2","1,271.0","1,227.7","1,186.7","1,145.5","1,149.6","1,160.5","1,220.0","1,314.7","1,401.4","1,485.7","1,491.0","1,506.2","1,523.4","1,506.8","1,497.9","1,477.1","1,434.2","1,474.9","1,466.8","1,445.4","1,424.5","1,405.8","1,366.9"
1/28/2024,"1,320.7","1,268.6","1,229.7","1,197.0","1,161.4","1,138.3","1,136.1","1,115.9","1,140.5","1,216.6","1,259.7","1,278.2","1,303.6","1,327.9","1,318.9","1,321.9","1,324.6","1,287.9","1,357.0","1,380.1","1,392.1","1,393.2","1,367.0","1,328.7"
1/29/2024,"1,280.7","1,235.3","1,194.6","1,165.9","1,143.5","1,162.1","1,220.1","1,385.5","1,494.6","1,586.8","1,629.2","1,661.8","1,684.8","1,720.1","1,728.2","1,708.9","1,659.4","1,542.2","1,513.1","1,511.8","1,505.1","1,490.4","1,449.4","1,391.6"
1/30/2024,"1,319.5","1,269.7","1,224.2","1,194.0","1,171.4","1,169.0","1,223.3","1,365.6","1,456.8","1,535.6","1,582.2","1,612.1","1,616.6","1,660.3","1,656.3","1,633.1","1,605.0","1,491.4","1,468.6","1,467.7","1,448.7","1,439.1","1,409.8","1,370.0"
1/31/2024,"1,303.3","1,247.3","1,190.0","1,169.2","1,164.6","1,185.1","1,217.1","1,356.9","1,472.8","1,543.8","1,598.4","1,617.3","1,642.5","1,689.5","1,688.0","1,675.1","1,618.6","1,501.4","1,500.4","1,496.8","1,481.0","1,456.6","1,416.6","1,373.3"
2/1/2024,"1,302.4","1,242.1","1,198.5","1,116.7","1,089.8","1,143.6","1,183.1","1,351.1","1,453.3","1,522.7","1,579.6","1,620.2","1,658.6","1,687.6","1,697.7","1,692.3","1,631.8","1,517.5","1,503.5","1,504.9","1,474.1","1,433.7","1,404.7","1,352.8"
2/2/2024,"1,281.0","1,225.5","1,192.3","1,161.7","1,136.3","1,169.5","1,202.8","1,345.6","1,432.3","1,541.3","1,573.3","1,583.2","1,625.6","1,640.7","1,666.2","1,654.4","1,581.2","1,440.6","1,503.7","1,492.8","1,461.2","1,430.2","1,385.9","1,341.9"
2/3/2024,"1,267.1","1,225.4","1,166.3","1,137.9","1,133.0","1,137.2","1,162.5","1,213.3","1,302.7","1,396.0","1,455.8","1,481.6","1,454.7","1,464.5","1,464.1","1,468.3","1,442.4","1,409.5","1,452.0","1,481.0","1,455.5","1,436.7","1,405.6","1,362.3"
2/4/2024,"1,315.9","1,270.2","1,238.9","1,201.2","1,171.8","1,157.8","1,159.0","1,137.2","1,185.9","1,192.8","1,270.2","1,289.3","1,297.3","1,311.4","1,327.0","1,321.1","1,320.5","1,297.7","1,387.4","1,407.0","1,420.8","1,417.8","1,394.8","1,350.0"
2/5/2024,"1,306.6","1,260.6","1,221.6","1,186.6","1,172.9","1,202.6","1,265.8","1,413.2","1,501.4","1,563.0","1,603.9","1,666.2","1,674.9","1,716.6","1,720.6","1,726.1","1,677.4","1,525.2","1,559.5","1,559.8","1,550.2","1,542.9","1,502.1","1,430.8"
2/6/2024,"1,368.7","1,311.8","1,269.8","1,222.7","1,196.6","1,210.5","1,234.6","1,366.7","1,460.8","1,552.8","1,612.0","1,655.6","1,685.5","1,704.7","1,748.5","1,726.3","1,649.4","1,539.0","1,510.3","1,518.2","1,504.9","1,471.0","1,417.3","1,377.1"
2/7/2024,"1,305.3","1,253.7","1,204.2","1,164.7","1,142.2","1,170.0","1,202.5","1,321.9","1,421.2","1,462.2","1,506.8","1,526.0","1,518.8","1,536.5","1,555.6","1,517.3","1,495.3","1,364.4","1,406.5","1,410.8","1,390.6","1,359.1","1,324.4","1,286.5"
2/8/2024,"1,209.0","1,169.5","1,130.5","1,090.0","1,078.1","1,128.2","1,170.4","1,311.6","1,403.4","1,463.3","1,528.5","1,548.9","1,564.3","1,626.9","1,622.6","1,618.3","1,538.7","1,442.9","1,457.8","1,458.5","1,417.0","1,394.5","1,346.5","1,306.9"
2/9/2024,"1,245.4","1,200.4","1,155.5","1,113.1","1,089.8","1,109.3","1,139.7","1,275.0","1,368.5","1,428.2","1,473.6","1,493.4","1,503.3","1,534.4","1,560.5","1,527.3","1,482.1","1,404.8","1,411.6","1,437.1","1,404.9","1,377.5","1,336.8","1,305.5"
2/10/2024,"1,242.2","1,202.1","1,159.5","1,129.3","1,102.9","1,105.8","1,126.2","1,161.3","1,253.8","1,307.2","1,364.6","1,396.4","1,389.5","1,397.7","1,383.0","1,374.3","1,348.0","1,324.2","1,378.5","1,395.6","1,386.4","1,350.0","1,312.9","1,257.9"
2/11/2024,"1,218.3","1,193.8","1,166.5","1,132.3","1,119.7","1,104.8","1,090.1","1,082.5","1,145.8","1,157.8","1,183.5","1,210.2","1,227.1","1,254.8","1,272.5","1,287.3","1,288.5","1,288.7","1,348.6","1,353.2","1,368.9","1,351.4","1,331.3","1,290.9"
2/12/2024,"1,240.5","1,196.0","1,171.5","1,137.0","1,114.4","1,108.4","1,118.1","1,140.1","1,177.7","1,238.7","1,294.7","1,322.5","1,354.9","1,391.5","1,401.7","1,400.6","1,385.4","1,341.9","1,402.5","1,409.7","1,390.2","1,371.3","1,323.8","1,281.0"
2/13/2024,"1,225.1","1,181.5","1,151.0","1,121.1","1,086.1","1,079.6","1,086.5","1,084.6","1,133.0","1,153.8","1,183.7","1,215.9","1,244.2","1,273.0","1,278.0","1,328.1","1,317.1","1,298.2","1,379.3","1,388.4","1,397.4","1,392.3","1,368.8","1,321.8"
2/14/2024,"1,264.9","1,224.0","1,195.4","1,170.0","1,145.9","1,144.7","1,175.5","1,273.6","1,349.4","1,410.4","1,452.2","1,494.5","1,534.0","1,569.8","1,592.6","1,613.0","1,599.6","1,479.9","1,507.1","1,506.8","1,494.0","1,490.8","1,467.6","1,423.2"
2/15/2024,"1,359.1","1,312.2","1,274.1","1,230.5","1,198.0","1,220.5","1,255.7","1,419.8","1,540.7","1,602.6","1,655.6","1,669.0","1,663.6","1,695.1","1,702.2","1,686.5","1,601.1","1,485.8","1,515.7","1,528.3","1,503.7","1,504.8","1,481.0","1,427.9"
2/16/2024,"1,363.2","1,294.5","1,255.2","1,216.6","1,197.5","1,216.5","1,271.2","1,405.2","1,514.2","1,590.5","1,649.1","1,665.4","1,692.7","1,740.4","1,740.4","1,715.4","1,645.9","1,543.0","1,559.4","1,554.1","1,529.8","1,516.6","1,483.2","1,430.1"
2/17/2024,"1,370.2","1,328.4","1,273.2","1,238.4","1,218.2","1,214.0","1,239.3","1,306.6","1,410.2","1,477.7","1,546.2","1,542.2","1,546.1","1,552.4","1,545.3","1,528.6","1,507.2","1,473.2","1,516.1","1,539.8","1,517.5","1,495.2","1,466.9","1,431.3"
2/18/2024,"1,387.0","1,338.3","1,290.5","1,251.9","1,222.4","1,203.3","1,191.1","1,169.8","1,216.4","1,244.5","1,314.9","1,344.7","1,352.9","1,366.7","1,368.3","1,369.9","1,368.4","1,358.9","1,450.6","1,457.9","1,482.4","1,479.4","1,451.1","1,406.2"
2/19/2024,"1,339.3","1,294.7","1,251.8","1,220.9","1,202.9","1,238.0","1,284.4","1,459.8","1,570.6","1,629.8","1,688.2","1,718.5","1,739.2","1,724.7","1,774.3","1,749.4","1,695.3","1,549.9","1,547.8","1,556.2","1,536.6","1,538.8","1,508.6","1,456.4"
2/20/2024,"1,383.6","1,314.3","1,274.7","1,231.1","1,200.7","1,232.1","1,242.0","1,411.8","1,490.7","1,557.4","1,611.7","1,660.4","1,689.0","1,703.4","1,730.5","1,723.2","1,646.6","1,543.8","1,517.6","1,521.6","1,512.6","1,493.2","1,454.4","1,390.8"
2/21/2024,"1,323.7","1,270.0","1,207.1","1,183.0","1,151.1","1,171.0","1,223.8","1,367.6","1,451.0","1,531.1","1,612.4","1,641.1","1,646.8","1,694.8","1,708.6","1,709.1","1,633.0","1,496.0","1,498.6","1,499.3","1,492.0","1,461.4","1,422.7","1,364.5"
2/22/2024,"1,317.9","1,274.3","1,215.3","1,180.7","1,158.8","1,189.7","1,234.3","1,363.1","1,467.4","1,548.5","1,578.7","1,603.8","1,591.4","1,588.8","1,597.0","1,589.0","1,542.9","1,440.2","1,424.2","1,421.4","1,405.8","1,370.9","1,309.3","1,250.4"
2/23/2024,"1,191.9","1,146.7","1,098.9","1,078.9","1,057.1","1,081.3","1,118.0","1,266.9","1,384.1","1,455.2","1,517.9","1,553.5","1,612.1","1,635.3","1,613.2","1,596.1","1,557.6","1,460.2","1,454.3","1,468.2","1,427.7","1,397.6","1,364.0","1,316.2"
2/24/2024,"1,254.1","1,195.2","1,161.1","1,122.1","1,098.2","1,097.1","1,126.1","1,176.5","1,272.6","1,353.9","1,405.1","1,444.6","1,425.0","1,431.1","1,432.1","1,424.9","1,430.8","1,409.8","1,416.8","1,426.1","1,401.4","1,382.4","1,343.7","1,302.3"
2/25/2024,"1,268.7","1,210.1","1,150.9","1,124.1","1,096.5","1,074.1","1,080.0","1,050.5","1,084.3","1,124.0","1,183.5","1,211.9","1,243.0","1,266.2","1,265.9","1,258.2","1,247.9","1,231.7","1,295.2","1,330.1","1,345.9","1,345.3","1,295.4","1,251.1"
2/26/2024,"1,206.0","1,152.8","1,132.8","1,100.2","1,089.6","1,128.5","1,158.2","1,354.9","1,454.0","1,540.7","1,581.8","1,619.6","1,659.1","1,701.6","1,696.7","1,687.1","1,609.6","1,492.5","1,496.4","1,502.7","1,479.2","1,452.3","1,407.5","1,332.6"
2/27/2024,"1,263.7","1,199.4","1,163.9","1,145.5","1,124.1","1,153.4","1,184.2","1,329.2","1,430.3","1,505.0","1,534.5","1,613.4","1,630.7","1,678.8","1,685.6","1,654.5","1,599.0","1,503.8","1,511.8","1,521.0","1,493.8","1,474.9","1,426.6","1,371.9"
2/28/2024,"1,304.5","1,240.0","1,197.5","1,159.9","1,140.8","1,149.1","1,183.9","1,353.9","1,475.6","1,556.2","1,596.1","1,621.7","1,649.5","1,702.4","1,724.1","1,684.8","1,649.9","1,541.8","1,556.8","1,551.2","1,524.7","1,510.3","1,472.6","1,418.3"
2/29/2024,"1,339.6","1,282.7","1,230.4","1,173.8","1,161.6","1,182.5","1,218.0","1,386.0","1,478.8","1,564.9","1,616.6","1,663.4","1,661.1","1,714.0","1,710.3","1,708.9","1,671.5","1,553.2","1,541.9","1,538.7","1,524.2","1,500.8","1,466.1","1,406.9"
3/1/2024,"1,349.4","1,288.5","1,231.9","1,194.1","1,162.2","1,185.4","1,247.2","1,385.5","1,486.3","1,555.2","1,624.3","1,650.7","1,652.9","1,669.4","1,698.4","1,692.9","1,638.1","1,531.3","1,538.2","1,535.0","1,503.6","1,498.8","1,435.5","1,392.4"
3/2/2024,"1,339.7","1,287.8","1,236.6","1,196.4","1,166.9","1,157.1","1,161.0","1,211.9","1,304.3","1,384.0","1,444.3","1,454.1","1,480.2","1,471.4","1,456.5","1,474.6","1,490.0","1,444.3","1,459.8","1,475.9","1,438.9","1,418.4","1,379.5","1,346.3"
3/3/2024,"1,297.0","1,250.1","1,203.5","1,186.7","1,145.8","1,124.1","1,115.6","1,096.6","1,129.8","1,180.0","1,242.1","1,289.3","1,312.1","1,340.6","1,345.0","1,311.6","1,308.3","1,312.2","1,391.7","1,407.3","1,432.3","1,427.5","1,392.2","1,343.6"
3/4/2024,"1,271.6","1,213.8","1,168.2","1,132.6","1,104.9","1,149.3","1,168.4","1,330.9","1,451.5","1,557.8","1,621.9","1,683.7","1,691.6","1,727.4","1,743.9","1,740.8","1,662.7","1,552.9","1,527.6","1,546.5","1,532.8","1,508.2","1,464.8","1,401.4"
3/5/2024,"1,308.1","1,250.0","1,208.4","1,167.2","1,137.6","1,159.5","1,179.5","1,361.9","1,479.3","1,559.3","1,620.0","1,664.2","1,692.0","1,730.3","1,748.3","1,740.3","1,693.1","1,567.8","1,545.9","1,586.1","1,568.8","1,548.6","1,499.3","1,427.6"
3/6/2024,"1,343.8","1,281.0","1,241.3","1,204.8","1,185.4","1,216.9","1,217.9","1,396.3","1,502.1","1,585.2","1,641.5","1,702.8","1,726.3","1,760.7","1,779.5","1,771.5","1,734.6","1,613.3","1,601.1","1,625.0","1,608.0","1,587.2","1,537.7","1,474.1"
3/7/2024,"1,399.4","1,341.2","1,293.1","1,242.2","1,202.3","1,223.0","1,238.6","1,403.3","1,531.3","1,603.9","1,685.7","1,725.0","1,757.0","1,772.7","1,775.4","1,777.7","1,713.3","1,612.9","1,603.0","1,611.4","1,583.9","1,580.6","1,522.6","1,457.5"
3/8/2024,"1,381.8","1,327.8","1,279.6","1,236.2","1,207.9","1,215.2","1,233.3","1,398.2","1,511.5","1,592.9","1,664.5","1,696.1","1,711.0","1,747.4","1,762.6","1,748.3","1,697.0","1,558.7","1,598.8","1,604.4","1,581.0","1,553.3","1,495.6","1,437.2"
3/9/2024,"1,379.3","1,334.9","1,276.4","1,232.9","1,226.1","1,222.5","1,236.4","1,297.8","1,386.4","1,509.0","1,562.0","1,595.0","1,593.8","1,574.2","1,582.6","1,572.0","1,556.2","1,526.4","1,551.0","1,561.5","1,536.3","1,522.8","1,489.9","1,444.5"
3/10/2024,"1,424.1","1,359.8","1,307.3","1,269.0","1,235.3","1,210.9","1,218.7","1,166.4","1,225.9","1,252.3","1,305.8","1,361.0","1,422.0","1,428.8","1,438.8","1,456.5","1,456.3","1,422.3","1,483.3","1,513.5","1,550.2","1,564.7","1,527.8","1,465.0"
3/11/2024,"1,386.1","1,321.0","1,276.6","1,253.3","1,230.8","1,271.4","1,285.2","1,485.5","1,603.6","1,695.2","1,746.7","1,764.1","1,771.6","1,804.7","1,824.8","1,795.0","1,740.0","1,607.6","1,589.7","1,589.4","1,582.5","1,580.0","1,555.3","1,492.4"
3/12/2024,"1,405.7","1,342.5","1,314.4","1,278.4","1,247.6","1,285.4","1,294.2","1,461.2","1,550.6","1,641.6","1,696.8","1,699.9","1,730.8","1,768.2","1,786.0","1,774.8","1,716.3","1,585.5","1,540.9","1,560.3","1,553.7","1,559.2","1,527.2","1,446.2"
3/13/2024,"1,380.8","1,318.3","1,281.8","1,240.6","1,232.1","1,264.3","1,274.6","1,459.7","1,559.6","1,657.5","1,701.9","1,724.1","1,749.5","1,787.7","1,805.5","1,820.1","1,729.4","1,612.6","1,596.9","1,600.4","1,596.3","1,597.3","1,552.9","1,470.1"
3/14/2024,"1,409.2","1,343.4","1,305.1","1,265.2","1,239.9","1,267.4","1,283.4","1,472.4","1,579.9","1,640.8","1,709.0","1,772.8","1,792.2","1,832.8","1,831.2","1,830.2","1,773.7","1,653.0","1,640.1","1,638.0","1,629.1","1,612.9","1,586.8","1,510.3"
3/15/2024,"1,455.8","1,394.6","1,345.6","1,308.0","1,284.1","1,301.3","1,322.2","1,503.0","1,591.7","1,611.6","1,686.5","1,725.6","1,744.7","1,792.9","1,814.6","1,791.9","1,745.6","1,614.4","1,619.4","1,615.4","1,592.4","1,573.2","1,539.1","1,489.3"
3/16/2024,"1,423.7","1,377.5","1,331.7","1,303.1","1,273.8","1,276.6","1,277.1","1,324.2","1,433.0","1,495.7","1,560.1","1,605.7","1,605.6","1,620.8","1,597.7","1,592.4","1,554.0","1,519.6","1,550.3","1,551.5","1,537.6","1,523.0","1,493.4","1,454.2"
3/17/2024,"1,406.8","1,348.3","1,311.0","1,272.7","1,246.4","1,226.3","1,188.7","1,178.8","1,220.7","1,275.0","1,348.3","1,385.7","1,414.2","1,428.7","1,443.9","1,457.2","1,406.4","1,393.6","1,468.8","1,496.1","1,522.3","1,524.9","1,501.4","1,436.8"
3/18/2024,"1,375.9","1,320.4","1,265.0","1,233.1","1,199.7","1,247.7","1,286.6","1,453.8","1,584.0","1,643.0","1,691.2","1,733.4","1,741.9","1,789.9","1,813.1","1,810.9","1,748.7","1,559.5","1,603.3","1,620.6","1,601.0","1,604.2","1,558.2","1,486.6"
3/19/2024,"1,410.5","1,341.4","1,310.3","1,269.5","1,253.4","1,276.6","1,303.1","1,485.8","1,559.6","1,637.8","1,706.5","1,747.6","1,774.5","1,809.5","1,797.7","1,768.0","1,730.7","1,573.5","1,622.4","1,631.2","1,633.0","1,598.2","1,564.4","1,488.9"
3/20/2024,"1,425.9","1,366.0","1,326.1","1,287.1","1,264.3","1,302.0","1,303.2","1,441.5","1,524.3","1,603.3","1,693.0","1,744.4","1,758.9","1,778.5","1,786.4","1,808.8","1,752.0","1,602.1","1,635.9","1,611.7","1,598.9","1,590.7","1,561.9","1,498.2"
3/21/2024,"1,408.5","1,348.7","1,307.8","1,270.7","1,238.9","1,263.1","1,271.7","1,469.6","1,559.5","1,636.8","1,710.5","1,742.4","1,764.6","1,803.3","1,848.6","1,843.6","1,797.5","1,671.5","1,659.0","1,654.7","1,641.1","1,628.1","1,590.6","1,510.5"
3/22/2024,"1,433.1","1,365.5","1,320.1","1,278.0","1,245.1","1,271.3","1,277.0","1,466.5","1,596.5","1,692.7","1,761.8","1,804.4","1,804.5","1,860.3","1,882.4","1,880.5","1,796.4","1,645.0","1,626.3","1,620.4","1,590.5","1,573.1","1,542.0","1,484.5"
3/23/2024,"1,419.6","1,373.4","1,318.2","1,259.1","1,229.1","1,217.4","1,223.5","1,302.8","1,404.6","1,488.3","1,544.6","1,582.7","1,584.4","1,592.9","1,593.7","1,581.3","1,552.1","1,501.0","1,528.3","1,537.8","1,513.4","1,494.9","1,465.2","1,407.0"
3/24/2024,"1,364.5","1,306.0","1,257.4","1,216.7","1,190.5","1,165.0","1,124.8","1,122.5","1,172.6","1,224.4","1,282.4","1,337.1","1,393.4","1,420.3","1,446.5","1,449.8","1,431.3","1,402.2","1,450.2","1,482.9","1,509.4","1,518.5","1,478.4","1,417.2"
3/25/2024,"1,347.4","1,285.1","1,244.6","1,198.5","1,171.1","1,193.4","1,216.9","1,404.2","1,510.1","1,599.1","1,676.4","1,720.4","1,723.1","1,801.5","1,815.7","1,826.9","1,784.4","1,648.5","1,639.4","1,644.7","1,617.8","1,599.5","1,547.9","1,466.4"
3/26/2024,"1,389.7","1,335.3","1,279.7","1,245.6","1,213.9","1,231.9","1,249.7","1,425.2","1,538.6","1,617.9","1,684.2","1,703.0","1,728.4","1,772.2","1,782.7","1,787.5","1,755.3","1,634.4","1,630.2","1,639.2","1,622.6","1,606.0","1,573.9","1,498.8"
3/27/2024,"1,419.9","1,346.0","1,288.2","1,246.6","1,213.3","1,258.1","1,270.3","1,445.9","1,549.6","1,647.1","1,697.7","1,734.7","1,747.5","1,793.4","1,804.8","1,767.3","1,711.3","1,594.0","1,611.2","1,625.4","1,617.3","1,578.6","1,535.3","1,468.4"
3/28/2024,"1,414.7","1,364.2","1,314.1","1,286.4","1,248.9","1,260.7","1,283.2","1,416.3","1,509.1","1,582.5","1,647.6","1,657.3","1,615.0","1,623.3","1,642.9","1,657.5","1,630.3","1,543.6","1,557.5","1,567.6","1,551.8","1,526.4","1,473.0","1,421.7"
3/29/2024,"1,366.1","1,307.9","1,269.4","1,219.1","1,192.1","1,159.5","1,128.0","1,116.6","1,155.7","1,182.8","1,218.0","1,231.4","1,257.9","1,287.7","1,305.3","1,315.3","1,303.3","1,273.9","1,332.7","1,355.7","1,368.0","1,371.1","1,339.1","1,308.7"
3/30/2024,"1,261.4","1,227.8","1,174.8","1,146.6","1,116.1","1,101.7","1,092.2","1,165.0","1,227.1","1,299.5","1,341.6","1,366.4","1,367.3","1,380.9","1,397.6","1,400.7","1,393.6","1,364.1","1,384.4","1,398.4","1,380.2","1,357.4","1,335.6","1,296.1"
3/31/2024,"1,253.1","1,222.9","1,196.5","1,163.6","1,144.1","1,126.8","1,102.5","1,125.2","1,162.5","1,195.0","1,244.8","1,291.1","1,345.8","1,364.9","1,378.6","1,380.7","1,378.8","1,357.0","1,403.4","1,433.1","1,454.3","1,454.3","1,421.9","1,355.3"
4/1/2024,"1,299.8","1,231.4","1,199.7","1,161.3","1,134.4","1,169.5","1,198.1","1,404.0","1,535.8","1,622.3","1,677.0","1,714.2","1,746.2","1,801.5","1,835.5","1,820.6","1,761.5","1,610.7","1,568.9","1,598.8","1,586.5","1,573.1","1,528.0","1,446.2"
4/2/2024,"1,363.0","1,305.2","1,250.8","1,211.8","1,182.3","1,212.4","1,225.0","1,405.2","1,514.0","1,590.2","1,677.2","1,705.4","1,737.4","1,781.9","1,789.5","1,789.2","1,725.3","1,589.9","1,571.5","1,585.4","1,573.9","1,567.5","1,516.3","1,453.4"
4/3/2024,"1,391.4","1,310.1","1,260.3","1,232.1","1,205.4","1,229.7","1,239.1","1,420.1","1,532.0","1,599.8","1,667.6","1,692.4","1,701.7","1,746.3","1,763.5","1,746.2","1,727.8","1,609.4","1,614.3","1,636.7","1,614.2","1,608.8","1,554.5","1,473.3"
4/4/2024,"1,380.4","1,332.2","1,282.2","1,254.1","1,237.3","1,259.1","1,268.3","1,429.7","1,528.1","1,585.8","1,641.8","1,671.1","1,683.5","1,690.7","1,686.6","1,695.4","1,597.5","1,491.1","1,548.0","1,563.3","1,562.7","1,538.5","1,512.2","1,422.9"
4/5/2024,"1,337.3","1,296.1","1,265.2","1,219.4","1,203.3","1,226.7","1,248.2","1,431.6","1,528.6","1,608.2","1,625.2","1,689.9","1,684.4","1,703.8","1,705.2","1,722.1","1,668.3","1,557.9","1,595.4","1,592.7","1,579.3","1,562.7","1,514.3","1,458.1"
4/6/2024,"1,383.3","1,335.6","1,291.5","1,242.2","1,231.2","1,220.2","1,206.8","1,294.1","1,414.8","1,518.3","1,555.1","1,594.5","1,596.4","1,611.9","1,598.7","1,548.2","1,487.7","1,462.9","1,545.4","1,545.4","1,528.5","1,522.6","1,496.6","1,443.7"
4/7/2024,"1,397.7","1,349.4","1,304.1","1,271.0","1,238.5","1,209.9","1,164.6","1,210.3","1,242.0","1,302.7","1,374.2","1,413.5","1,427.8","1,440.3","1,460.1","1,462.7","1,462.7","1,442.4","1,507.2","1,526.6","1,564.9","1,576.1","1,513.2","1,458.5"
4/8/2024,"1,403.4","1,344.5","1,299.1","1,257.1","1,238.8","1,263.9","1,284.5","1,478.5","1,620.0","1,700.3","1,777.2","1,798.7","1,818.1","1,851.7","1,848.0","1,784.6","1,710.8","1,598.7","1,602.0","1,622.6","1,636.9","1,585.1","1,555.1","1,480.5"
4/9/2024,"1,393.8","1,344.7","1,290.9","1,263.9","1,245.5","1,272.1","1,300.1","1,501.3","1,620.0","1,698.2","1,781.5","1,837.1","1,885.3","1,832.3","1,802.2","1,681.5","1,637.7","1,556.8","1,605.3","1,615.6","1,596.9","1,583.5","1,545.2","1,475.8"
4/10/2024,"1,403.0","1,348.4","1,299.0","1,264.0","1,266.5","1,290.7","1,310.9","1,495.3","1,608.7","1,679.2","1,739.5","1,765.8","1,796.0","1,837.1","1,857.5","1,809.5","1,740.9","1,617.5","1,593.9","1,611.0","1,607.3","1,593.5","1,547.3","1,491.4"
4/11/2024,"1,421.4","1,358.3","1,289.8","1,273.4","1,249.2","1,267.4","1,291.1","1,476.3","1,584.8","1,659.1","1,733.5","1,776.4","1,779.6","1,836.9","1,858.0","1,842.9","1,738.8","1,615.1","1,659.0","1,662.9","1,638.9","1,622.5","1,557.5","1,508.1"
4/12/2024,"1,422.3","1,369.6","1,309.3","1,283.0","1,234.0","1,246.4","1,259.6","1,453.1","1,578.2","1,643.6","1,701.6","1,745.0","1,753.8","1,798.2","1,802.7","1,803.5","1,749.3","1,605.1","1,610.0","1,617.5","1,582.4","1,570.5","1,521.2","1,489.2"
4/13/2024,"1,410.3","1,352.4","1,320.8","1,291.9","1,278.2","1,269.7","1,247.1","1,347.3","1,427.2","1,481.1","1,513.0","1,541.8","1,532.2","1,523.9","1,537.8","1,520.9","1,488.6","1,447.2","1,493.7","1,513.3","1,496.7","1,494.6","1,461.9","1,423.6"
4/14/2024,"1,378.6","1,333.8","1,288.7","1,236.2","1,206.0","1,199.3","1,137.3","1,179.0","1,233.0","1,287.9","1,344.1","1,378.3","1,409.2","1,419.3","1,429.0","1,436.2","1,426.8","1,410.3","1,455.8","1,484.6","1,481.6","1,507.9","1,489.1","1,436.8"
4/15/2024,"1,375.9","1,317.8","1,274.3","1,234.3","1,203.6","1,228.0","1,260.2","1,457.9","1,574.9","1,647.6","1,720.8","1,760.8","1,773.9","1,808.2","1,814.0","1,825.9","1,773.9","1,651.7","1,605.9","1,617.0","1,618.5","1,595.0","1,561.2","1,501.9"
4/16/2024,"1,375.9","1,317.8","1,274.3","1,234.3","1,203.6","1,228.0","1,260.2","1,457.9","1,574.9","1,647.6","1,720.8","1,760.8","1,773.9","1,808.2","1,814.0","1,825.9","1,773.9","1,651.7","1,605.9","1,617.0","1,618.5","1,595.0","1,561.2","1,501.9"
4/17/2024,"1,425.6","1,370.1","1,319.1","1,270.6","1,241.7","1,254.3","1,292.8","1,474.6","1,574.0","1,664.1","1,720.6","1,772.4","1,780.5","1,816.6","1,831.4","1,822.1","1,776.7","1,658.0","1,633.8","1,643.3","1,651.7","1,610.2","1,574.9","1,516.3"
4/18/2024,"1,428.5","1,393.6","1,342.6","1,282.1","1,256.5","1,269.5","1,288.8","1,444.4","1,553.2","1,650.9","1,715.6","1,756.7","1,761.7","1,817.1","1,821.8","1,836.4","1,777.3","1,666.2","1,637.9","1,644.4","1,648.6","1,620.2","1,563.1","1,490.7"
4/19/2024,"1,407.4","1,351.8","1,293.2","1,264.4","1,251.8","1,274.9","1,303.3","1,471.0","1,576.3","1,642.0","1,689.7","1,738.1","1,751.5","1,760.6","1,759.7","1,714.3","1,651.0","1,523.0","1,603.9","1,609.0","1,578.4","1,552.7","1,507.5","1,459.3"
4/20/2024,"1,388.5","1,335.6","1,289.8","1,266.0","1,241.2","1,230.7","1,220.3","1,325.3","1,429.9","1,507.2","1,566.3","1,602.6","1,594.6","1,592.2","1,602.6","1,601.5","1,573.4","1,552.0","1,575.8","1,595.4","1,562.7","1,516.8","1,488.2","1,432.6"
4/21/2024,"1,400.4","1,341.1","1,305.7","1,256.1","1,224.2","1,203.7","1,152.1","1,159.4","1,220.8","1,268.3","1,344.0","1,380.2","1,392.3","1,420.1","1,453.7","1,446.2","1,416.5","1,419.3","1,474.8","1,496.6","1,520.1","1,513.3","1,464.8","1,403.4"
4/22/2024,"1,330.3","1,267.9","1,226.5","1,191.0","1,167.6","1,194.1","1,240.7","1,434.5","1,537.5","1,627.6","1,664.4","1,688.1","1,727.4","1,752.1","1,726.0","1,685.5","1,622.1","1,490.0","1,528.8","1,541.3","1,537.6","1,529.3","1,486.4","1,431.4"
4/23/2024,"1,356.3","1,288.3","1,249.4","1,209.8","1,185.3","1,198.9","1,233.7","1,416.2","1,517.6","1,603.9","1,661.3","1,701.8","1,694.3","1,761.3","1,745.3","1,753.7","1,685.2","1,558.7","1,570.5","1,597.2","1,585.0","1,567.9","1,517.2","1,441.6"
4/24/2024,"1,386.9","1,322.2","1,288.4","1,256.1","1,233.9","1,244.8","1,291.9","1,451.2","1,564.9","1,643.2","1,655.0","1,698.6","1,721.1","1,760.1","1,792.8","1,799.6","1,745.2","1,594.8","1,622.8","1,624.0","1,613.7","1,590.5","1,543.7","1,485.2"
4/25/2024,"1,410.6","1,349.8","1,306.9","1,269.6","1,247.0","1,265.1","1,282.6","1,408.4","1,505.6","1,564.8","1,628.1","1,634.7","1,602.1","1,606.5","1,618.4","1,603.9","1,525.6","1,436.5","1,464.2","1,465.3","1,446.5","1,425.0","1,383.7","1,338.4"
4/26/2024,"1,270.6","1,241.7","1,207.8","1,190.5","1,168.4","1,199.9","1,231.0","1,383.8","1,466.4","1,521.8","1,584.9","1,601.0","1,585.2","1,634.5","1,666.9","1,662.6","1,593.8","1,478.0","1,519.0","1,519.8","1,493.9","1,460.5","1,424.5","1,377.3"
4/27/2024,"1,319.8","1,282.8","1,248.5","1,205.9","1,191.8","1,190.4","1,172.0","1,284.7","1,383.2","1,463.9","1,517.1","1,563.8","1,541.6","1,548.2","1,550.9","1,511.1","1,498.9","1,445.5","1,508.3","1,501.2","1,477.7","1,464.4","1,429.5","1,367.0"
4/28/2024,"1,301.7","1,260.9","1,212.6","1,188.6","1,177.8","1,153.3","1,114.0","1,145.5","1,194.1","1,243.7","1,321.3","1,331.9","1,328.8","1,311.8","1,338.7","1,288.0","1,278.0","1,279.0","1,361.3","1,380.9","1,387.3","1,378.9","1,345.2","1,286.0"
4/29/2024,"1,236.3","1,188.0","1,152.9","1,128.2","1,109.7","1,144.0","1,202.6","1,362.4","1,469.0","1,531.8","1,585.2","1,615.6","1,646.7","1,647.6","1,631.2","1,627.3","1,604.5","1,462.2","1,507.2","1,534.6","1,528.0","1,501.0","1,455.5","1,388.0"
4/30/2024,"1,317.8","1,257.4","1,209.5","1,191.3","1,157.8","1,174.5","1,212.5","1,400.2","1,483.7","1,579.7","1,625.1","1,654.6","1,692.7","1,737.6","1,740.4","1,708.5","1,649.8","1,572.2","1,599.8","1,581.5","1,556.6","1,526.3","1,493.8","1,424.9"
5/1/2024,"1,359.5","1,309.9","1,260.2","1,221.8","1,191.3","1,179.8","1,142.9","1,196.1","1,253.9","1,290.9","1,361.3","1,394.8","1,423.8","1,445.4","1,452.4","1,462.9","1,442.9","1,398.4","1,455.8","1,498.2","1,513.5","1,519.4","1,480.6","1,417.2"
5/2/2024,"1,344.1","1,296.0","1,249.1","1,230.3","1,201.3","1,211.7","1,247.6","1,463.0","1,558.2","1,638.8","1,705.3","1,731.5","1,770.3","1,784.0","1,795.6","1,779.6","1,699.8","1,622.5","1,625.1","1,621.4","1,617.2","1,587.9","1,545.6","1,464.8"
5/3/2024,"1,393.2","1,341.5","1,282.0","1,242.5","1,217.5","1,226.4","1,263.4","1,463.1","1,575.7","1,656.4","1,725.5","1,733.3","1,749.6","1,786.2","1,776.8","1,791.5","1,742.8","1,637.1","1,624.1","1,629.1","1,613.6","1,566.1","1,528.7","1,468.2"
5/4/2024,"1,398.1","1,347.4","1,293.6","1,248.9","1,224.9","1,205.5","1,184.1","1,272.7","1,405.2","1,466.1","1,545.3","1,558.4","1,547.8","1,556.8","1,566.4","1,571.7","1,549.8","1,499.4","1,528.7","1,542.5","1,514.8","1,494.8","1,460.9","1,411.2"
5/5/2024,"1,347.4","1,283.1","1,239.4","1,197.7","1,169.1","1,150.7","1,092.2","1,100.3","1,129.9","1,173.1","1,231.8","1,293.2","1,303.9","1,326.1","1,349.7","1,381.8","1,411.5","1,414.4","1,442.4","1,448.2","1,446.8","1,436.5","1,425.4","1,392.8"
5/6/2024,"1,331.3","1,282.0","1,236.0","1,209.5","1,194.6","1,210.8","1,267.0","1,448.0","1,561.4","1,616.1","1,694.1","1,764.6","1,808.3","1,830.0","1,841.3","1,842.1","1,782.0","1,635.5","1,652.5","1,649.3","1,650.0","1,633.9","1,596.8","1,514.2"
5/7/2024,"1,456.6","1,390.3","1,342.3","1,306.5","1,268.6","1,275.2","1,289.3","1,477.1","1,571.3","1,673.8","1,713.0","1,762.6","1,773.4","1,812.5","1,807.3","1,771.5","1,730.6","1,629.2","1,640.1","1,638.2","1,628.2","1,613.3","1,572.4","1,498.4"
5/8/2024,"1,394.2","1,335.2","1,289.8","1,251.5","1,224.4","1,246.3","1,266.5","1,460.4","1,557.0","1,630.0","1,688.0","1,690.1","1,646.7","1,665.1","1,673.5","1,679.7","1,616.7","1,507.0","1,538.9","1,539.1","1,523.7","1,485.1","1,429.9","1,370.4"
5/9/2024,"1,296.0","1,252.0","1,217.0","1,196.4","1,179.5","1,207.4","1,245.7","1,403.9","1,515.3","1,626.7","1,664.3","1,710.7","1,713.0","1,733.2","1,748.7","1,726.8","1,629.6","1,532.3","1,575.7","1,590.6","1,576.2","1,569.6","1,531.8","1,441.2"
5/10/2024,"1,377.9","1,324.9","1,283.3","1,260.2","1,234.3","1,254.0","1,278.8","1,471.6","1,574.1","1,692.7","1,733.5","1,770.2","1,761.4","1,836.5","1,856.0","1,857.4","1,763.1","1,620.4","1,642.1","1,646.9","1,623.3","1,592.7","1,534.7","1,483.9"
5/11/2024,"1,405.9","1,348.3","1,311.1","1,268.1","1,245.6","1,244.7","1,233.5","1,328.8","1,477.0","1,565.8","1,593.8","1,618.9","1,623.0","1,608.1","1,612.0","1,603.4","1,581.9","1,539.0","1,561.8","1,564.0","1,542.2","1,522.3","1,476.4","1,400.2"
5/12/2024,"1,347.9","1,300.7","1,277.5","1,237.4","1,221.0","1,184.0","1,137.9","1,177.1","1,238.9","1,305.3","1,363.9","1,422.2","1,417.3","1,459.4","1,414.6","1,454.6","1,447.7","1,438.1","1,497.4","1,526.8","1,548.7","1,545.9","1,504.8","1,434.6"
5/13/2024,"1,363.6","1,294.4","1,248.0","1,212.6","1,189.2","1,223.3","1,276.1","1,466.2","1,595.2","1,675.6","1,744.3","1,800.0","1,800.3","1,812.2","1,796.7","1,771.0","1,702.6","1,564.7","1,612.5","1,613.2","1,604.4","1,591.2","1,563.5","1,483.2"
5/14/2024,"1,399.7","1,338.6","1,315.1","1,276.9","1,243.1","1,259.2","1,278.4","1,496.6","1,614.4","1,702.2","1,743.6","1,768.8","1,771.5","1,798.9","1,757.9","1,682.4","1,570.4","1,472.6","1,500.6","1,486.6","1,474.4","1,456.1","1,409.0","1,356.8"
5/15/2024,"1,281.3","1,232.0","1,196.1","1,167.4","1,159.3","1,190.1","1,226.6","1,390.2","1,503.7","1,582.1","1,635.1","1,651.6","1,658.4","1,644.0","1,676.0","1,661.4","1,624.1","1,516.4","1,552.3","1,517.0","1,501.6","1,468.6","1,429.9","1,343.2"
5/16/2024,"1,340.2","1,281.7","1,243.6","1,209.0","1,192.4","1,210.2","1,253.3","1,434.7","1,484.3","1,581.8","1,630.5","1,657.0","1,680.7","1,728.4","1,736.6","1,723.9","1,678.9","1,566.0","1,607.3","1,606.9","1,591.4","1,572.0","1,516.5","1,442.4"
5/17/2024,"1,362.5","1,281.9","1,253.3","1,223.4","1,204.9","1,223.9","1,251.0","1,424.3","1,512.2","1,580.4","1,643.0","1,657.8","1,685.8","1,769.6","1,736.5","1,757.8","1,729.3","1,637.8","1,675.3","1,691.1","1,674.4","1,656.5","1,611.6","1,541.7"
5/18/2024,"1,471.2","1,415.7","1,360.5","1,322.5","1,285.5","1,276.8","1,261.3","1,364.8","1,476.9","1,574.5","1,629.9","1,671.7","1,611.9","1,560.0","1,524.0","1,476.3","1,458.4","1,437.4","1,489.2","1,509.1","1,494.0","1,474.2","1,448.0","1,408.5"
5/19/2024,"1,362.2","1,316.2","1,281.3","1,255.0","1,219.9","1,205.7","1,150.9","1,177.9","1,214.4","1,261.4","1,340.3","1,387.4","1,441.8","1,478.1","1,472.8","1,499.5","1,490.1","1,475.6","1,510.6","1,566.6","1,600.1","1,590.8","1,545.9","1,487.9"
5/20/2024,"1,429.4","1,369.6","1,330.5","1,296.7","1,275.8","1,285.3","1,350.2","1,522.4","1,655.0","1,721.1","1,753.3","1,779.6","1,691.5","1,656.4","1,634.4","1,591.8","1,564.7","1,477.9","1,513.5","1,514.8","1,507.1","1,478.9","1,440.6","1,377.8"
5/21/2024,"1,294.2","1,239.9","1,231.2","1,201.8","1,181.7","1,224.8","1,263.1","1,454.4","1,551.3","1,623.7","1,670.4","1,694.5","1,722.0","1,753.4","1,761.6","1,720.5","1,651.2","1,537.8","1,570.0","1,557.8","1,546.3","1,530.3","1,483.4","1,410.9"
5/22/2024,"1,347.4","1,288.8","1,251.1","1,228.6","1,213.3","1,231.3","1,260.2","1,439.7","1,533.7","1,611.2","1,704.8","1,718.3","1,729.8","1,733.2","1,728.3","1,707.0","1,646.2","1,538.0","1,537.1","1,558.9","1,538.8","1,493.9","1,443.8","1,373.1"
5/23/2024,"1,318.6","1,275.1","1,242.5","1,207.9","1,196.5","1,227.3","1,262.9","1,422.4","1,509.0","1,567.4","1,628.9","1,644.1","1,635.9","1,713.8","1,711.3","1,710.7","1,643.3","1,539.5","1,583.0","1,587.4","1,565.4","1,553.8","1,493.6","1,431.4"
5/24/2024,"1,352.2","1,299.5","1,256.8","1,224.8","1,198.1","1,217.5","1,248.1","1,393.5","1,482.1","1,525.9","1,592.0","1,622.6","1,665.9","1,738.4","1,750.5","1,736.7","1,665.2","1,553.9","1,577.9","1,590.9","1,574.2","1,535.3","1,509.8","1,442.7"
5/25/2024,"1,387.2","1,330.9","1,283.8","1,257.1","1,222.9","1,213.6","1,208.2","1,317.3","1,423.6","1,505.4","1,558.8","1,554.2","1,501.8","1,457.3","1,455.5","1,441.8","1,432.0","1,414.5","1,459.9","1,470.2","1,452.9","1,432.5","1,384.4","1,337.3"
5/26/2024,"1,285.1","1,234.6","1,200.4","1,169.8","1,141.2","1,118.0","1,081.1","1,141.5","1,190.4","1,265.9","1,353.0","1,376.5","1,411.0","1,446.7","1,482.2","1,485.5","1,404.2","1,369.8","1,460.7","1,485.3","1,515.6","1,510.1","1,467.9","1,402.4"
5/27/2024,"1,339.1","1,278.0","1,237.9","1,207.9","1,192.5","1,212.4","1,265.6","1,435.6","1,562.8","1,607.1","1,590.7","1,587.0","1,569.4","1,582.0","1,586.5","1,561.8","1,496.4","1,410.6","1,445.7","1,444.6","1,430.2","1,386.2","1,328.4","1,271.3"
5/28/2024,"1,221.8","1,177.1","1,149.6","1,129.5","1,118.5","1,152.2","1,200.2","1,380.1","1,505.4","1,578.0","1,616.2","1,671.4","1,696.3","1,747.0","1,778.2","1,770.0","1,671.6","1,545.3","1,558.4","1,568.1","1,549.7","1,511.8","1,459.7","1,385.4"
5/29/2024,"1,319.4","1,271.0","1,222.6","1,188.1","1,183.1","1,195.9","1,240.3","1,412.7","1,507.0","1,607.5","1,640.6","1,690.1","1,717.6","1,753.6","1,783.4","1,791.2","1,726.5","1,614.0","1,595.1","1,621.2","1,614.5","1,595.7","1,542.9","1,476.4"
5/30/2024,"1,403.9","1,341.0","1,301.6","1,282.3","1,245.5","1,257.3","1,287.6","1,432.9","1,506.2","1,566.7","1,615.4","1,653.3","1,673.8","1,697.9","1,706.8","1,696.2","1,644.4","1,526.8","1,510.7","1,501.0","1,477.8","1,453.3","1,413.4","1,346.0"
5/31/2024,"1,286.0","1,232.3","1,193.6","1,166.4","1,153.3","1,172.3","1,205.4","1,386.5","1,485.5","1,540.5","1,606.5","1,659.2","1,675.1","1,719.7","1,739.7","1,734.2","1,666.8","1,559.4","1,597.6","1,603.4","1,583.0","1,564.4","1,509.4","1,449.6"
6/1/2024,"1,373.9","1,327.1","1,276.5","1,233.5","1,190.5","1,186.6","1,204.8","1,286.8","1,419.9","1,509.6","1,579.1","1,615.9","1,611.1","1,629.0","1,655.5","1,637.8","1,630.3","1,619.2","1,549.7","1,562.9","1,547.2","1,527.7","1,492.1","1,453.5"
6/2/2024,"1,385.2","1,335.9","1,297.4","1,263.8","1,237.5","1,214.6","1,153.7","1,201.9","1,248.8","1,318.8","1,373.5","1,450.4","1,496.0","1,515.7","1,548.1","1,537.8","1,526.1","1,475.9","1,559.3","1,600.4","1,626.7","1,612.5","1,566.3","1,487.1"
6/3/2024,"1,427.3","1,364.1","1,314.7","1,291.4","1,262.8","1,276.4","1,303.0","1,512.2","1,630.3","1,684.9","1,721.9","1,738.0","1,774.7","1,777.1","1,753.2","1,687.3","1,603.5","1,504.7","1,520.5","1,534.8","1,510.4","1,477.2","1,420.1","1,361.4"
6/4/2024,"1,278.1","1,227.6","1,198.2","1,173.1","1,160.5","1,181.4","1,227.6","1,432.4","1,555.2","1,631.9","1,680.6","1,720.7","1,762.8","1,814.5","1,840.9","1,820.3","1,725.6","1,611.9","1,547.8","1,543.3","1,522.5","1,498.9","1,443.4","1,377.5"
6/5/2024,"1,303.0","1,256.9","1,223.5","1,190.5","1,168.2","1,203.2","1,251.7","1,420.4","1,534.1","1,601.2","1,630.8","1,627.9","1,628.4","1,684.9","1,686.3","1,680.3","1,607.2","1,521.1","1,572.5","1,572.4","1,552.5","1,530.6","1,484.3","1,422.1"
6/6/2024,"1,350.5","1,308.9","1,257.9","1,198.1","1,191.9","1,227.3","1,270.5","1,443.9","1,520.1","1,552.7","1,572.6","1,580.6","1,610.2","1,621.1","1,631.6","1,617.7","1,549.9","1,467.0","1,506.5","1,508.3","1,486.6","1,465.5","1,425.5","1,364.8"
6/7/2024,"1,301.4","1,258.2","1,213.1","1,188.1","1,167.5","1,192.1","1,260.7","1,446.3","1,516.5","1,594.3","1,635.8","1,686.5","1,694.9","1,741.3","1,761.5","1,754.9","1,674.1","1,551.7","1,601.9","1,607.1","1,582.3","1,550.0","1,506.7","1,446.2"
6/8/2024,"1,361.1","1,332.5","1,282.2","1,244.2","1,211.6","1,223.5","1,211.8","1,321.3","1,439.2","1,502.9","1,555.2","1,573.2","1,565.3","1,576.9","1,567.8","1,602.1","1,535.1","1,498.2","1,540.9","1,554.1","1,536.2","1,516.2","1,480.5","1,438.4"
6/9/2024,"1,357.8","1,312.2","1,272.0","1,200.6","1,190.9","1,175.9","1,144.5","1,153.9","1,206.2","1,252.9","1,313.0","1,321.8","1,299.5","1,314.0","1,342.2","1,341.6","1,336.6","1,326.4","1,396.2","1,410.0","1,423.1","1,417.8","1,398.2","1,334.0"
6/10/2024,"1,280.0","1,225.7","1,191.3","1,159.8","1,121.3","1,162.3","1,225.8","1,399.1","1,496.6","1,572.7","1,639.2","1,663.2","1,693.7","1,749.0","1,754.2","1,712.4","1,628.7","1,506.7","1,495.5","1,499.3","1,464.3","1,434.5","1,394.5","1,331.2"
6/11/2024,"1,255.9","1,203.1","1,163.8","1,133.7","1,117.6","1,147.0","1,201.1","1,349.7","1,427.1","1,468.1","1,485.2","1,530.0","1,559.1","1,622.8","1,610.6","1,588.0","1,537.9","1,450.6","1,506.9","1,500.1","1,492.3","1,476.9","1,422.9","1,361.4"
6/12/2024,"1,287.7","1,246.1","1,192.2","1,158.6","1,157.6","1,167.4","1,225.3","1,399.5","1,498.1","1,550.5","1,621.7","1,689.7","1,732.0","1,726.4","1,717.2","1,670.8","1,621.9","1,530.1","1,561.4","1,577.1","1,574.5","1,534.4","1,474.3","1,435.1"
6/13/2024,"1,345.1","1,283.6","1,242.2","1,213.0","1,196.3","1,213.7","1,240.3","1,440.4","1,536.9","1,622.8","1,683.3","1,695.3","1,688.9","1,639.6","1,610.3","1,570.8","1,523.5","1,428.2","1,449.9","1,442.8","1,420.6","1,408.1","1,347.6","1,311.6"
6/14/2024,"1,257.4","1,203.8","1,168.5","1,136.3","1,131.8","1,162.8","1,213.7","1,352.0","1,457.9","1,574.0","1,604.4","1,620.2","1,609.9","1,615.9","1,611.5","1,594.4","1,529.7","1,432.9","1,479.6","1,471.3","1,448.1","1,408.7","1,357.9","1,312.9"
6/15/2024,"1,263.0","1,217.8","1,173.4","1,141.5","1,130.9","1,143.4","1,135.8","1,216.6","1,305.8","1,373.3","1,411.1","1,420.3","1,377.1","1,373.4","1,375.3","1,348.0","1,320.9","1,300.7","1,352.4","1,366.7","1,345.7","1,327.1","1,296.9","1,252.4"
6/16/2024,"1,213.6","1,178.3","1,154.9","1,122.1","1,105.6","1,103.9","1,063.9","1,087.0","1,157.8","1,184.4","1,210.8","1,230.0","1,230.1","1,221.0","1,210.7","1,204.7","1,214.8","1,226.9","1,290.3","1,308.3","1,307.3","1,305.5","1,276.0","1,232.5"
6/17/2024,"1,200.3","1,147.0","1,107.4","1,097.4","1,096.2","1,131.2","1,192.9","1,372.1","1,460.2","1,557.9","1,636.4","1,642.1","1,687.2","1,747.1","1,765.6","1,782.2","1,707.7","1,599.9","1,618.9","1,608.0","1,597.3","1,560.9","1,486.7","1,432.1"
6/18/2024,"1,353.3","1,294.5","1,252.4","1,221.3","1,206.9","1,230.3","1,251.7","1,434.8","1,512.8","1,537.8","1,572.3","1,612.3","1,645.0","1,717.3","1,718.1","1,654.8","1,565.1","1,480.6","1,479.3","1,486.8","1,464.9","1,454.2","1,389.9","1,323.8"
6/19/2024,"1,254.1","1,213.5","1,170.4","1,146.2","1,118.9","1,137.9","1,188.1","1,359.9","1,462.0","1,523.8","1,554.4","1,572.7","1,558.5","1,562.4","1,563.0","1,555.3","1,524.2","1,443.0","1,478.2","1,490.8","1,478.6","1,461.1","1,401.8","1,326.7"
6/20/2024,"1,236.1","1,211.2","1,182.4","1,153.6","1,135.9","1,164.7","1,193.8","1,346.9","1,401.8","1,415.7","1,471.7","1,508.9","1,559.1","1,628.6","1,661.2","1,653.8","1,603.5","1,494.1","1,559.2","1,559.7","1,544.9","1,522.7","1,453.6","1,390.0"
6/21/2024,"1,319.3","1,263.3","1,202.8","1,161.9","1,154.6","1,178.1","1,241.8","1,407.3","1,486.9","1,557.9","1,649.2","1,666.7","1,692.2","1,724.2","1,783.0","1,745.6","1,656.8","1,526.9","1,543.6","1,550.9","1,518.5","1,478.9","1,423.3","1,366.6"
6/22/2024,"1,298.2","1,255.1","1,219.3","1,204.7","1,181.2","1,193.3","1,186.1","1,264.3","1,321.9","1,353.3","1,413.9","1,408.8","1,373.6","1,339.6","1,317.4","1,298.1","1,298.0","1,301.3","1,371.2","1,380.6","1,369.5","1,327.4","1,285.5","1,236.1"
6/23/2024,"1,183.1","1,142.3","1,110.8","1,098.7","1,069.6","1,051.7","1,018.1","1,043.6","1,111.1","1,180.1","1,226.6","1,274.5","1,302.3","1,332.9","1,352.8","1,364.8","1,361.5","1,347.3","1,433.2","1,472.7","1,495.4","1,480.5","1,423.4","1,365.5"
6/24/2024,"1,306.4","1,252.1","1,211.4","1,181.8","1,166.8","1,191.6","1,245.6","1,428.5","1,508.2","1,613.9","1,652.8","1,690.9","1,689.8","1,726.1","1,766.7","1,737.2","1,682.3","1,577.8","1,579.9","1,582.1","1,554.6","1,543.8","1,476.7","1,420.2"
6/25/2024,"1,346.4","1,302.5","1,254.2","1,228.9","1,200.9","1,221.1","1,221.5","1,415.1","1,534.0","1,595.0","1,657.9","1,693.1","1,726.5","1,760.5","1,750.9","1,694.7","1,633.7","1,546.7","1,542.8","1,565.6","1,555.4","1,519.8","1,413.2","1,332.3"
6/26/2024,"1,270.4","1,210.6","1,169.2","1,138.9","1,146.1","1,157.2","1,199.9","1,347.1","1,444.0","1,499.7","1,572.0","1,615.5","1,652.3","1,674.0","1,698.5","1,678.9","1,614.4","1,488.6","1,459.0","1,400.0","1,389.6","1,352.0","1,297.7","1,231.6"
6/27/2024,"1,229.3","1,196.9","1,150.0","1,120.4","1,117.0","1,167.1","1,223.7","1,355.9","1,479.9","1,550.9","1,591.1","1,632.3","1,608.3","1,608.8","1,600.8","1,593.8","1,530.4","1,434.6","1,461.4","1,469.1","1,447.9","1,428.6","1,380.7","1,325.7"
6/28/2024,"1,250.6","1,212.1","1,180.6","1,157.3","1,145.4","1,189.8","1,237.7","1,403.2","1,505.2","1,561.6","1,610.4","1,638.7","1,649.7","1,705.6","1,694.1","1,685.0","1,618.7","1,535.0","1,557.1","1,551.7","1,536.7","1,508.4","1,470.4","1,389.9"
6/29/2024,"1,336.1","1,273.9","1,231.1","1,196.9","1,188.3","1,177.8","1,162.2","1,253.3","1,338.7","1,382.4","1,449.4","1,468.3","1,478.0","1,494.4","1,509.2","1,538.6","1,507.1","1,468.8","1,497.7","1,519.9","1,506.8","1,442.5","1,387.9","1,353.7"
6/30/2024,"1,274.9","1,221.7","1,180.9","1,150.1","1,132.9","1,120.4","1,081.8","1,101.1","1,175.7","1,223.2","1,278.5","1,332.8","1,373.6","1,388.8","1,397.9","1,394.4","1,371.5","1,359.0","1,420.7","1,449.8","1,443.5","1,444.6","1,437.6","1,380.9"
7/1/2024,"1,330.9","1,277.0","1,235.3","1,207.3","1,162.5","1,145.8","1,142.8","1,222.4","1,280.3","1,356.2","1,382.4","1,403.0","1,388.6","1,382.6","1,364.7","1,353.0","1,321.9","1,309.6","1,385.0","1,410.4","1,400.9","1,395.3","1,363.4","1,303.6"
7/2/2024,"1,234.5","1,180.6","1,136.9","1,125.9","1,118.3","1,166.0","1,218.3","1,414.9","1,509.9","1,584.4","1,649.1","1,671.0","1,696.7","1,721.5","1,763.5","1,755.8","1,697.2","1,558.1","1,574.7","1,579.1","1,569.2","1,541.4","1,483.9","1,417.3"
7/3/2024,"1,333.9","1,271.7","1,228.3","1,192.9","1,170.2","1,198.9","1,221.9","1,405.1","1,483.6","1,541.0","1,576.2","1,601.8","1,630.7","1,667.9","1,714.4","1,698.1","1,666.8","1,597.7","1,587.3","1,601.3","1,573.4","1,557.1","1,518.5","1,433.6"
7/4/2024,"1,355.9","1,301.5","1,263.2","1,226.0","1,196.9","1,232.4","1,248.4","1,419.9","1,515.7","1,580.6","1,650.7","1,677.1","1,690.9","1,725.0","1,749.3","1,754.5","1,709.1","1,610.0","1,621.5","1,625.8","1,597.7","1,564.3","1,478.1","1,413.5"
7/5/2024,"1,348.4","1,288.1","1,236.2","1,200.9","1,183.8","1,210.5","1,266.6","1,407.0","1,475.1","1,506.1","1,536.9","1,539.1","1,512.8","1,552.5","1,553.9","1,547.7","1,473.8","1,405.9","1,449.4","1,459.4","1,428.9","1,412.7","1,362.2","1,303.8"
7/6/2024,"1,250.6","1,251.9","1,203.1","1,161.1","1,153.6","1,151.5","1,179.9","1,259.9","1,342.6","1,396.1","1,446.9","1,460.9","1,453.4","1,474.8","1,477.5","1,476.9","1,481.7","1,474.6","1,500.9","1,511.6","1,489.6","1,474.1","1,430.7","1,380.3"
7/7/2024,"1,321.4","1,277.8","1,237.1","1,207.0","1,185.8","1,162.8","1,122.4","1,144.0","1,194.1","1,234.8","1,269.4","1,302.6","1,342.5","1,394.8","1,426.7","1,440.6","1,417.2","1,391.0","1,446.2","1,472.4","1,490.1","1,495.2","1,454.9","1,403.1"
7/8/2024,"1,347.1","1,277.3","1,229.5","1,207.4","1,188.7","1,233.4","1,263.3","1,423.0","1,539.0","1,606.0","1,666.4","1,700.8","1,725.9","1,759.3","1,786.5","1,751.4","1,636.6","1,512.8","1,526.5","1,557.0","1,568.5","1,548.5","1,489.5","1,399.1"
7/9/2024,"1,339.4","1,279.9","1,243.1","1,201.1","1,183.9","1,208.4","1,265.8","1,459.8","1,592.4","1,679.2","1,753.2","1,768.4","1,802.2","1,781.1","1,647.4","1,631.1","1,554.2","1,460.9","1,491.4","1,497.8","1,491.6","1,461.2","1,401.4","1,338.1"
7/10/2024,"1,268.9","1,240.3","1,197.7","1,172.6","1,152.5","1,203.6","1,258.8","1,439.3","1,519.0","1,601.5","1,645.4","1,667.8","1,699.9","1,755.9","1,792.3","1,787.9","1,672.5","1,550.8","1,588.0","1,581.2","1,553.0","1,529.6","1,471.4","1,409.1"
7/11/2024,"1,332.6","1,286.3","1,252.0","1,220.8","1,193.9","1,240.2","1,258.6","1,431.0","1,537.1","1,598.8","1,649.8","1,703.5","1,733.2","1,769.9","1,790.5","1,734.7","1,593.7","1,470.8","1,493.9","1,494.9","1,482.9","1,458.8","1,408.1","1,354.4"
7/12/2024,"1,290.7","1,250.9","1,217.1","1,182.9","1,164.0","1,206.2","1,244.2","1,429.2","1,521.6","1,604.6","1,667.5","1,705.2","1,714.4","1,728.8","1,755.6","1,747.9","1,671.0","1,550.3","1,583.9","1,594.5","1,569.6","1,541.9","1,495.7","1,435.7"
7/13/2024,"1,378.5","1,332.8","1,292.6","1,251.1","1,223.0","1,232.8","1,217.7","1,295.2","1,398.0","1,457.5","1,481.4","1,465.8","1,453.3","1,447.1","1,451.6","1,460.6","1,461.6","1,440.3","1,500.6","1,515.8","1,504.9","1,480.3","1,444.6","1,400.6"
7/14/2024,"1,347.0","1,299.0","1,263.7","1,236.3","1,202.5","1,192.3","1,136.4","1,158.3","1,226.8","1,283.6","1,325.0","1,396.9","1,419.9","1,454.1","1,430.6","1,419.7","1,409.1","1,375.0","1,404.8","1,447.6","1,448.5","1,447.0","1,416.8","1,371.5"
7/15/2024,"1,333.8","1,275.9","1,225.2","1,191.6","1,171.9","1,199.0","1,248.0","1,491.5","1,610.0","1,708.7","1,764.3","1,755.9","1,816.1","1,862.5","1,872.5","1,806.3","1,706.5","1,586.4","1,591.1","1,609.1","1,616.9","1,602.0","1,548.2","1,479.7"
7/16/2024,"1,395.4","1,341.9","1,290.2","1,252.2","1,220.1","1,236.6","1,292.5","1,492.3","1,606.9","1,684.9","1,750.4","1,764.6","1,758.8","1,814.1","1,807.2","1,749.8","1,704.3","1,580.9","1,620.4","1,630.8","1,622.3","1,603.6","1,552.9","1,478.4"
7/17/2024,"1,398.2","1,332.8","1,283.7","1,243.9","1,217.3","1,246.3","1,278.3","1,460.1","1,578.6","1,651.4","1,689.2","1,693.3","1,652.2","1,663.7","1,618.3","1,614.8","1,559.2","1,442.5","1,465.3","1,466.3","1,460.4","1,436.8","1,382.8","1,318.5"
7/18/2024,"1,260.2","1,214.8","1,171.2","1,147.6","1,138.2","1,187.8","1,207.6","1,378.3","1,495.9","1,547.5","1,589.8","1,591.0","1,634.3","1,665.4","1,677.0","1,654.7","1,586.6","1,490.4","1,483.2","1,495.0","1,478.4","1,456.4","1,406.2","1,343.3"
7/19/2024,"1,271.0","1,230.2","1,185.1","1,156.5","1,137.9","1,177.1","1,188.7","1,373.5","1,463.4","1,535.3","1,577.3","1,616.2","1,634.7","1,670.9","1,706.7","1,648.7","1,582.8","1,475.9","1,485.2","1,498.6","1,470.4","1,449.9","1,413.0","1,356.3"
7/20/2024,"1,284.7","1,232.0","1,185.0","1,138.0","1,131.0","1,148.9","1,140.4","1,229.3","1,352.3","1,413.4","1,496.3","1,532.7","1,528.4","1,533.4","1,534.6","1,544.8","1,507.3","1,490.3","1,524.1","1,544.8","1,521.8","1,504.5","1,453.3","1,398.1"
7/21/2024,"1,346.2","1,295.1","1,265.9","1,224.4","1,198.2","1,183.9","1,137.9","1,153.4","1,187.5","1,245.4","1,312.5","1,365.4","1,404.8","1,424.1","1,409.4","1,389.3","1,367.4","1,366.3","1,429.7","1,465.5","1,484.0","1,504.6","1,437.3","1,383.9"
7/22/2024,"1,307.9","1,238.8","1,203.9","1,179.5","1,164.8","1,204.0","1,281.1","1,460.6","1,569.3","1,667.3","1,705.0","1,725.8","1,739.5","1,777.5","1,771.0","1,710.6","1,642.4","1,521.5","1,532.7","1,545.9","1,535.2","1,513.5","1,468.4","1,374.8"
7/23/2024,"1,301.5","1,250.4","1,216.8","1,184.8","1,161.5","1,203.0","1,234.3","1,404.4","1,488.1","1,527.9","1,557.8","1,576.8","1,583.6","1,606.9","1,611.8","1,631.6","1,595.2","1,498.6","1,490.4","1,493.7","1,474.1","1,448.0","1,379.9","1,317.0"
7/24/2024,"1,274.5","1,236.2","1,224.2","1,199.0","1,179.7","1,205.9","1,238.0","1,429.8","1,489.4","1,599.3","1,650.4","1,646.2","1,698.9","1,749.3","1,778.8","1,762.0","1,735.3","1,600.8","1,537.5","1,540.6","1,534.9","1,519.8","1,458.2","1,388.2"
7/25/2024,"1,322.1","1,276.9","1,239.0","1,206.6","1,172.4","1,209.0","1,245.7","1,410.8","1,529.3","1,633.8","1,697.8","1,715.0","1,775.7","1,786.9","1,719.1","1,627.9","1,554.3","1,444.4","1,448.8","1,456.2","1,444.5","1,417.7","1,375.8","1,312.0"
7/26/2024,"1,258.4","1,191.7","1,157.9","1,125.3","1,126.8","1,170.9","1,188.5","1,383.2","1,464.9","1,531.0","1,579.3","1,603.0","1,612.7","1,679.5","1,711.4","1,701.9","1,640.5","1,533.1","1,553.9","1,551.9","1,519.0","1,502.5","1,453.1","1,412.1"
7/27/2024,"1,350.7","1,308.1","1,256.7","1,226.5","1,201.4","1,188.2","1,206.5","1,271.4","1,354.3","1,393.8","1,412.6","1,395.9","1,390.6","1,402.4","1,411.1","1,405.1","1,383.3","1,366.0","1,435.4","1,449.0","1,429.5","1,387.9","1,351.0","1,304.6"
7/28/2024,"1,255.2","1,211.4","1,176.6","1,149.2","1,114.6","1,109.0","1,070.0","1,104.7","1,174.9","1,212.4","1,277.2","1,337.4","1,385.1","1,425.8","1,447.8","1,418.6","1,404.8","1,377.7","1,429.8","1,448.9","1,441.3","1,446.4","1,418.9","1,347.6"
7/29/2024,"1,280.8","1,231.7","1,201.8","1,168.7","1,163.6","1,206.7","1,256.2","1,465.6","1,565.7","1,642.6","1,693.7","1,733.3","1,763.4","1,783.7","1,781.1","1,756.2","1,695.3","1,602.5","1,624.0","1,642.7","1,626.6","1,527.8","1,489.9","1,403.0"
7/30/2024,"1,350.2","1,310.5","1,282.8","1,256.0","1,235.8","1,257.8","1,288.1","1,487.9","1,580.8","1,661.2","1,723.4","1,732.8","1,754.5","1,797.6","1,806.7","1,734.8","1,656.1","1,557.8","1,587.5","1,600.4","1,566.3","1,539.7","1,492.7","1,404.0"
7/31/2024,"1,339.9","1,286.7","1,227.9","1,214.8","1,191.6","1,216.4","1,285.7","1,409.6","1,489.9","1,554.0","1,571.6","1,597.2","1,640.0","1,680.8","1,687.1","1,698.6","1,637.3","1,563.1","1,550.2","1,562.6","1,551.0","1,541.5","1,503.6","1,422.0"
8/1/2024,"1,355.3","1,299.0","1,257.5","1,236.2","1,221.4","1,255.8","1,289.5","1,460.9","1,552.5","1,615.2","1,668.1","1,669.4","1,662.7","1,621.8","1,590.9","1,578.4","1,489.6","1,428.4","1,435.4","1,431.0","1,400.9","1,390.2","1,329.5","1,277.9"
8/2/2024,"1,207.1","1,153.9","1,126.0","1,097.2","1,084.2","1,137.6","1,170.3","1,335.4","1,437.6","1,507.2","1,580.4","1,617.8","1,619.8","1,675.8","1,681.5","1,689.9","1,618.6","1,498.3","1,501.3","1,511.8","1,488.4","1,455.3","1,390.6","1,348.8"
8/3/2024,"1,304.6","1,266.5","1,224.6","1,185.1","1,164.5","1,178.6","1,170.6","1,285.7","1,415.4","1,469.9","1,563.0","1,581.6","1,572.4","1,552.6","1,474.6","1,434.1","1,373.9","1,326.2","1,346.8","1,350.8","1,341.5","1,327.9","1,275.8","1,227.3"
8/4/2024,"1,178.1","1,150.3","1,114.5","1,086.0","1,075.0","1,063.6","1,036.7","1,080.6","1,142.0","1,206.8","1,297.1","1,340.5","1,398.1","1,396.2","1,402.7","1,410.0","1,402.4","1,374.5","1,420.7","1,471.4","1,469.4","1,459.6","1,434.1","1,400.1"
8/5/2024,"1,327.4","1,270.7","1,236.4","1,205.3","1,184.4","1,221.1","1,259.0","1,441.3","1,547.6","1,594.0","1,670.9","1,686.4","1,677.0","1,645.1","1,642.8","1,623.6","1,569.7","1,443.9","1,427.7","1,438.2","1,431.0","1,399.7","1,349.1","1,293.0"
8/6/2024,"1,287.8","1,222.4","1,182.5","1,160.7","1,162.7","1,216.0","1,231.9","1,371.4","1,462.9","1,518.2","1,572.8","1,601.8","1,584.8","1,604.7","1,636.0","1,610.8","1,564.9","1,420.2","1,432.8","1,454.0","1,434.4","1,417.9","1,367.9","1,305.3"
8/7/2024,"1,235.9","1,189.3","1,147.4","1,131.2","1,114.9","1,163.1","1,184.5","1,348.4","1,460.4","1,524.3","1,586.2","1,623.2","1,599.6","1,597.2","1,593.5","1,570.0","1,540.4","1,434.2","1,471.5","1,477.2","1,475.6","1,460.5","1,400.7","1,344.9"
8/8/2024,"1,284.3","1,253.0","1,216.8","1,179.6","1,175.9","1,209.8","1,244.9","1,423.4","1,497.8","1,540.9","1,571.1","1,590.8","1,619.9","1,674.4","1,701.7","1,678.1","1,606.0","1,500.3","1,537.1","1,533.0","1,491.5","1,481.3","1,431.9","1,371.7"
8/9/2024,"1,299.4","1,246.5","1,193.1","1,160.2","1,152.2","1,199.1","1,223.6","1,403.7","1,501.0","1,577.4","1,631.6","1,661.0","1,722.0","1,751.9","1,762.8","1,731.7","1,628.1","1,501.0","1,534.2","1,557.0","1,533.2","1,494.7","1,438.5","1,383.7"
8/10/2024,"1,322.0","1,260.4","1,220.9","1,182.3","1,161.7","1,170.5","1,174.7","1,285.2","1,378.5","1,428.7","1,468.9","1,464.2","1,443.3","1,466.3","1,487.3","1,458.0","1,448.3","1,421.4","1,444.1","1,456.8","1,446.9","1,430.4","1,382.1","1,340.7"
8/11/2024,"1,288.2","1,237.1","1,206.8","1,191.8","1,164.3","1,115.4","1,064.0","1,108.7","1,158.7","1,253.2","1,305.4","1,360.5","1,355.3","1,390.6","1,393.0","1,404.7","1,387.1","1,376.8","1,445.6","1,454.5","1,481.8","1,475.1","1,438.9","1,369.4"
8/12/2024,"1,307.4","1,245.5","1,207.9","1,162.3","1,144.2","1,184.0","1,244.8","1,436.7","1,552.5","1,618.8","1,671.6","1,686.3","1,686.4","1,740.8","1,761.2","1,748.7","1,647.6","1,511.0","1,518.1","1,520.8","1,513.0","1,487.0","1,445.3","1,376.9"
8/13/2024,"1,313.0","1,264.6","1,220.1","1,199.4","1,182.6","1,222.5","1,261.7","1,410.8","1,506.0","1,595.2","1,626.7","1,656.3","1,658.4","1,705.6","1,728.0","1,733.9","1,666.0","1,565.0","1,592.2","1,600.5","1,575.4","1,554.4","1,495.7","1,426.6"
8/14/2024,"1,354.0","1,288.8","1,252.8","1,213.3","1,191.2","1,220.5","1,223.0","1,409.4","1,548.0","1,632.1","1,708.8","1,739.0","1,729.2","1,789.9","1,791.1","1,729.8","1,664.9","1,563.2","1,547.2","1,572.8","1,565.7","1,537.4","1,498.1","1,429.2"
8/15/2024,"1,358.7","1,293.5","1,250.6","1,221.5","1,202.7","1,220.4","1,233.6","1,400.6","1,526.9","1,620.9","1,695.7","1,727.5","1,757.3","1,759.2","1,748.1","1,690.2","1,643.2","1,580.5","1,601.7","1,608.1","1,597.4","1,568.4","1,521.1","1,456.0"
8/16/2024,"1,371.5","1,311.6","1,262.5","1,228.5","1,206.0","1,224.4","1,266.9","1,462.9","1,550.1","1,596.9","1,648.4","1,716.3","1,714.2","1,763.7","1,780.8","1,739.6","1,694.0","1,564.4","1,783.0","1,563.8","1,520.8","1,499.1","1,462.2","1,395.8"
8/17/2024,"1,330.6","1,292.1","1,253.9","1,225.1","1,192.5","1,213.2","1,194.1","1,280.1","1,395.2","1,495.2","1,541.4","1,544.5","1,530.3","1,465.9","1,440.7","1,413.9","1,367.2","1,342.2","1,392.8","1,393.8","1,379.3","1,351.4","1,321.4","1,288.1"
8/18/2024,"1,246.7","1,204.9","1,164.0","1,134.7","1,109.3","1,098.1","1,053.9","1,114.3","1,181.7","1,234.3","1,300.9","1,345.6","1,374.0","1,403.0","1,428.4","1,395.3","1,367.2","1,356.8","1,442.8","1,438.3","1,443.7","1,448.6","1,410.2","1,343.2"
8/19/2024,"1,279.0","1,233.8","1,196.9","1,163.9","1,145.7","1,170.8","1,220.8","1,411.8","1,550.6","1,656.8","1,726.4","1,746.0","1,772.5","1,848.5","1,858.2","1,749.6","1,665.2","1,573.1","1,574.6","1,595.2","1,572.9","1,564.0","1,497.5","1,419.4"
8/20/2024,"1,359.3","1,305.3","1,264.6","1,233.0","1,207.5","1,240.0","1,257.3","1,431.1","1,550.9","1,588.0","1,649.0","1,681.4","1,708.9","1,768.3","1,799.7","1,718.3","1,609.4","1,502.5","1,517.3","1,524.9","1,535.6","1,537.4","1,494.8","1,412.3"
8/21/2024,"1,328.1","1,274.3","1,279.4","1,211.8","1,196.1","1,235.8","1,245.4","1,410.9","1,499.3","1,608.2","1,712.3","1,720.4","1,727.6","1,775.4","1,762.5","1,751.5","1,702.6","1,577.8","1,544.3","1,550.9","1,531.3","1,506.5","1,452.1","1,392.2"
8/22/2024,"1,298.5","1,241.5","1,199.3","1,181.5","1,160.2","1,181.5","1,210.3","1,380.7","1,456.9","1,509.9","1,513.4","1,533.1","1,534.7","1,535.0","1,539.9","1,543.9","1,503.7","1,419.3","1,475.5","1,473.7","1,475.6","1,451.5","1,369.6","1,312.6"
8/23/2024,"1,254.8","1,210.1","1,161.9","1,139.6","1,142.4","1,172.7","1,218.6","1,369.0","1,469.6","1,526.7","1,601.9","1,635.0","1,666.4","1,720.9","1,753.3","1,746.2","1,686.3","1,547.2","1,577.3","1,585.7","1,550.0","1,521.4","1,491.1","1,454.2"
8/24/2024,"1,385.3","1,295.3","1,273.2","1,243.4","1,219.7","1,215.5","1,205.9","1,302.9","1,407.1","1,477.0","1,528.7","1,559.4","1,533.7","1,536.5","1,456.4","1,406.6","1,383.8","1,375.7","1,417.3","1,418.6","1,402.5","1,364.7","1,324.1","1,275.6"
8/25/2024,"1,241.1","1,187.7","1,160.9","1,126.7","1,107.2","1,096.6","1,049.9","1,077.1","1,134.6","1,213.1","1,302.3","1,327.4","1,340.9","1,308.6","1,317.8","1,288.0","1,287.3","1,282.2","1,368.4","1,370.1","1,377.7","1,371.6","1,329.4","1,266.6"
8/26/2024,"1,216.3","1,167.8","1,123.3","1,087.7","1,094.4","1,144.3","1,171.2","1,332.8","1,441.0","1,493.2","1,546.0","1,580.6","1,577.6","1,613.1","1,598.8","1,591.6","1,527.2","1,424.5","1,467.9","1,465.9","1,440.8","1,424.9","1,360.4","1,292.8"
8/27/2024,"1,232.7","1,180.2","1,145.4","1,115.4","1,103.4","1,154.3","1,205.5","1,383.5","1,504.0","1,567.9","1,633.3","1,677.6","1,699.8","1,740.4","1,766.7","1,753.7","1,717.5","1,583.9","1,619.1","1,615.3","1,581.9","1,552.8","1,496.6","1,410.2"
8/28/2024,"1,323.4","1,262.0","1,221.4","1,189.4","1,166.3","1,205.3","1,236.1","1,430.0","1,552.7","1,634.7","1,727.4","1,761.2","1,792.9","1,822.4","1,860.7","1,862.3","1,793.5","1,682.7","1,708.4","1,706.9","1,702.9","1,657.1","1,606.7","1,506.1"
8/29/2024,"1,442.6","1,390.2","1,344.5","1,303.9","1,273.9","1,280.6","1,297.3","1,498.9","1,614.9","1,703.3","1,752.8","1,795.1","1,794.6","1,842.6","1,853.0","1,832.1","1,689.3","1,548.6","1,537.5","1,523.0","1,511.9","1,485.9","1,443.3","1,376.7"
8/30/2024,"1,306.9","1,265.2","1,221.3","1,186.0","1,165.2","1,224.2","1,254.4","1,431.6","1,527.3","1,595.1","1,650.6","1,663.2","1,691.2","1,736.9","1,753.2","1,766.8","1,716.1","1,575.5","1,630.3","1,623.2","1,607.9","1,576.8","1,532.8","1,476.8"
8/31/2024,"1,408.7","1,351.7","1,315.5","1,273.7","1,249.7","1,256.8","1,241.1","1,327.7","1,418.3","1,484.5","1,533.4","1,570.1","1,554.1","1,519.5","1,525.3","1,484.5","1,444.9","1,404.1","1,449.5","1,434.2","1,415.1","1,385.6","1,345.4","1,304.9"
9/1/2024,"1,272.8","1,236.9","1,203.7","1,165.6","1,145.3","1,133.7","1,106.4","1,120.1","1,196.8","1,257.5","1,295.9","1,350.1","1,365.6","1,274.3","1,257.7","1,243.5","1,229.6","1,237.5","1,314.5","1,311.0","1,333.3","1,324.1","1,284.4","1,226.9"
9/2/2024,"1,180.4","1,131.6","1,090.5","1,075.6","1,080.3","1,123.9","1,197.0","1,379.5","1,496.7","1,585.4","1,652.2","1,675.9","1,671.8","1,727.1","1,773.1","1,772.7","1,687.9","1,535.8","1,579.2","1,583.4","1,562.9","1,532.0","1,457.4","1,380.2"
9/3/2024,"1,311.0","1,252.1","1,209.4","1,187.3","1,164.8","1,210.1","1,236.4","1,444.1","1,562.4","1,628.6","1,687.9","1,722.5","1,743.2","1,765.6","1,761.1","1,705.7","1,649.3","1,544.3","1,598.1","1,605.5","1,585.9","1,569.9","1,501.2","1,416.0"
9/4/2024,"1,350.6","1,289.6","1,255.4","1,230.0","1,209.3","1,264.5","1,299.4","1,427.3","1,536.6","1,593.4","1,639.6","1,686.5","1,692.3","1,775.7","1,793.3","1,758.1","1,700.7","1,556.1","1,626.5","1,631.9","1,607.7","1,583.4","1,518.2","1,443.4"
9/5/2024,"1,354.8","1,290.0","1,268.9","1,233.4","1,218.4","1,244.1","1,272.7","1,458.8","1,573.7","1,648.1","1,720.7","1,748.4","1,752.7","1,808.5","1,814.3","1,808.3","1,743.3","1,632.6","1,660.9","1,669.2","1,652.8","1,611.9","1,554.0","1,486.4"
9/6/2024,"1,398.5","1,360.4","1,312.5","1,292.8","1,253.2","1,288.9","1,315.1","1,479.0","1,600.7","1,688.9","1,734.4","1,739.3","1,753.4","1,778.7","1,816.4","1,781.2","1,695.0","1,566.8","1,606.0","1,600.4","1,583.3","1,542.4","1,472.8","1,431.1"
9/7/2024,"1,358.7","1,302.3","1,263.3","1,238.3","1,222.8","1,230.5","1,237.1","1,316.5","1,415.3","1,479.4","1,515.3","1,539.0","1,539.6","1,545.7","1,555.6","1,557.3","1,503.5","1,468.4","1,529.0","1,526.3","1,500.7","1,461.2","1,418.9","1,373.0"
9/8/2024,"1,325.0","1,276.1","1,237.1","1,208.9","1,185.5","1,169.8","1,148.5","1,172.7","1,184.7","1,192.5","1,193.6","1,241.5","1,279.3","1,294.5","1,346.2","1,358.9","1,359.3","1,344.7","1,408.8","1,416.8","1,410.4","1,389.5","1,367.9","1,309.4"
9/9/2024,"1,257.9","1,240.2","1,202.3","1,174.7","1,170.9","1,223.8","1,261.6","1,431.2","1,570.3","1,654.1","1,719.4","1,770.9","1,791.1","1,824.0","1,795.3","1,748.3","1,668.6","1,580.8","1,488.3","1,376.5","1,352.0","1,530.4","1,506.8","1,429.7"
9/10/2024,"1,372.0","1,327.2","1,274.6","1,255.7","1,224.6","1,278.2","1,293.1","1,471.8","1,589.2","1,647.2","1,743.3","1,815.7","1,815.0","1,835.8","1,785.6","1,705.3","1,644.4","1,553.0","1,596.4","1,606.5","1,582.5","1,560.6","1,496.5","1,412.4"
9/11/2024,"1,369.2","1,311.8","1,276.4","1,243.3","1,227.7","1,258.6","1,302.9","1,460.1","1,543.6","1,589.7","1,665.1","1,724.0","1,774.9","1,791.0","1,809.9","1,752.9","1,603.6","1,516.5","1,590.7","1,595.6","1,551.8","1,524.0","1,459.1","1,408.5"
9/12/2024,"1,334.7","1,302.3","1,251.3","1,217.5","1,200.3","1,233.2","1,271.8","1,430.9","1,516.8","1,588.9","1,607.6","1,639.7","1,591.5","1,605.8","1,574.7","1,526.0","1,462.5","1,388.7","1,426.6","1,436.6","1,422.7","1,368.8","1,316.4","1,254.4"
9/13/2024,"1,192.7","1,159.4","1,128.0","1,101.8","1,097.2","1,131.8","1,182.8","1,370.6","1,468.1","1,556.9","1,623.5","1,664.4","1,688.4","1,732.0","1,751.6","1,757.1","1,713.2","1,599.0","1,610.4","1,596.2","1,579.9","1,563.9","1,493.9","1,437.1"
9/14/2024,"1,369.3","1,311.4","1,251.3","1,210.9","1,205.5","1,212.7","1,206.3","1,333.6","1,443.6","1,520.7","1,589.3","1,616.4","1,607.8","1,622.8","1,615.3","1,489.4","1,474.1","1,437.2","1,510.1","1,495.8","1,477.3","1,449.3","1,408.2","1,375.2"
9/15/2024,"1,315.1","1,268.6","1,226.3","1,199.7","1,170.2","1,156.6","1,121.3","1,164.7","1,223.0","1,271.7","1,328.6","1,399.1","1,419.3","1,455.2","1,466.5","1,440.1","1,428.1","1,425.8","1,497.6","1,501.5","1,509.5","1,498.0","1,469.1","1,427.8"
9/16/2024,"1,362.1","1,295.7","1,261.1","1,225.3","1,198.2","1,217.3","1,278.9","1,413.0","1,531.3","1,605.7","1,650.5","1,731.1","1,728.8","1,740.7","1,549.4","1,517.1","1,446.8","1,333.9","1,368.9","1,368.1","1,356.5","1,324.8","1,266.4","1,252.9"
9/17/2024,"1,343.6","1,285.5","1,243.9","1,211.8","1,188.5","1,226.8","1,259.5","1,412.5","1,498.9","1,537.2","1,569.0","1,597.0","1,606.8","1,731.2","1,743.2","1,709.0","1,635.0","1,569.0","1,563.3","1,549.0","1,533.6","1,516.1","1,472.3","1,414.3"
9/18/2024,"1,336.2","1,282.7","1,246.3","1,201.3","1,183.4","1,205.6","1,248.3","1,426.1","1,569.9","1,651.2","1,750.8","1,767.4","1,767.7","1,832.7","1,872.0","1,846.5","1,742.8","1,610.4","1,634.3","1,630.8","1,607.5","1,585.6","1,550.2","1,457.9"
9/19/2024,"1,385.9","1,324.0","1,285.3","1,250.2","1,227.7","1,246.5","1,294.6","1,457.2","1,604.8","1,673.6","1,716.6","1,714.8","1,684.7","1,668.5","1,659.9","1,617.3","1,557.1","1,458.7","1,493.4","1,492.0","1,469.0","1,429.8","1,378.9","1,330.5"
9/20/2024,"1,262.7","1,200.7","1,168.6","1,163.3","1,145.2","1,180.6","1,205.6","1,341.8","1,447.5","1,476.9","1,497.5","1,494.2","1,499.4","1,531.4","1,565.9","1,563.2","1,491.1","1,414.4","1,464.5","1,458.7","1,446.7","1,431.1","1,377.2","1,344.6"
9/21/2024,"1,298.5","1,251.3","1,220.8","1,196.6","1,177.5","1,176.5","1,174.5","1,275.4","1,377.1","1,454.5","1,518.6","1,539.5","1,503.4","1,476.0","1,486.4","1,426.8","1,406.2","1,366.0","1,445.1","1,440.2","1,419.4","1,383.2","1,332.0","1,282.8"
9/22/2024,"1,227.0","1,184.8","1,162.0","1,138.8","1,118.0","1,105.6","1,072.7","1,080.7","1,121.3","1,146.9","1,176.7","1,198.0","1,199.7","1,242.1","1,249.8","1,259.1","1,257.7","1,277.0","1,365.7","1,375.6","1,393.4","1,401.8","1,356.1","1,300.1"
9/23/2024,"1,253.7","1,209.2","1,183.9","1,134.2","1,140.6","1,180.3","1,201.6","1,398.4","1,494.5","1,572.3","1,587.5","1,578.2","1,600.7","1,633.0","1,654.5","1,640.2","1,594.0","1,480.4","1,483.4","1,474.4","1,430.6","1,391.5","1,347.4","1,290.6"
9/24/2024,"1,238.7","1,194.3","1,162.7","1,140.8","1,149.3","1,177.8","1,225.6","1,393.4","1,504.4","1,586.3","1,657.4","1,665.1","1,699.3","1,718.5","1,717.8","1,694.4","1,650.4","1,529.5","1,553.3","1,553.1","1,526.8","1,498.0","1,438.9","1,363.7"
9/25/2024,"1,303.5","1,250.2","1,197.4","1,173.2","1,159.9","1,201.8","1,229.7","1,417.5","1,550.8","1,621.3","1,669.6","1,704.0","1,721.9","1,770.2","1,796.0","1,795.9","1,705.6","1,594.6","1,610.1","1,605.8","1,568.9","1,540.6","1,475.4","1,399.1"
9/26/2024,"1,334.9","1,278.4","1,238.4","1,215.9","1,185.9","1,227.6","1,266.9","1,423.0","1,525.3","1,591.8","1,674.3","1,682.4","1,686.5","1,712.7","1,726.3","1,688.1","1,617.7","1,513.6","1,560.6","1,549.6","1,539.3","1,513.4","1,460.0","1,401.8"
9/27/2024,"1,324.7","1,271.1","1,224.1","1,193.7","1,182.0","1,216.8","1,254.9","1,412.9","1,532.3","1,588.5","1,642.6","1,651.7","1,664.0","1,708.0","1,687.0","1,606.7","1,536.2","1,458.4","1,496.6","1,478.7","1,433.9","1,397.6","1,313.2","1,284.5"
9/28/2024,"1,238.3","1,198.1","1,158.1","1,135.9","1,116.2","1,125.1","1,121.0","1,234.0","1,322.8","1,389.0","1,465.2","1,508.8","1,494.2","1,510.5","1,481.7","1,439.9","1,391.0","1,373.3","1,435.1","1,432.9","1,400.5","1,384.3","1,331.9","1,273.6"
9/29/2024,"1,232.7","1,191.9","1,161.2","1,138.0","1,116.7","1,112.5","1,096.3","1,121.2","1,141.6","1,191.9","1,264.4","1,254.3","1,281.0","1,262.2","1,259.9","1,244.8","1,230.9","1,242.9","1,311.8","1,290.9","1,274.1","1,268.1","1,214.5","1,170.7"
9/30/2024,"1,134.4","1,092.2","1,071.1","1,048.4","1,053.5","1,114.1","1,146.4","1,309.2","1,433.6","1,509.1","1,558.1","1,571.6","1,549.4","1,548.0","1,558.0","1,526.0","1,477.7","1,380.1","1,403.2","1,389.9","1,347.8","1,329.9","1,255.6","1,200.0"
10/1/2024,"1,151.7","1,135.6","1,108.3","1,084.2","1,090.7","1,141.2","1,164.0","1,332.6","1,445.4","1,519.3","1,576.8","1,607.6","1,621.5","1,641.0","1,672.7","1,662.8","1,604.6","1,528.1","1,573.5","1,564.4","1,539.6","1,516.5","1,463.2","1,376.7"
10/2/2024,"1,314.6","1,268.4","1,220.7","1,197.7","1,186.1","1,223.8","1,228.1","1,381.8","1,491.7","1,629.9","1,630.1","1,672.9","1,699.4","1,718.4","1,735.8","1,729.1","1,675.4","1,601.1","1,609.2","1,605.1","1,588.9","1,562.8","1,515.5","1,446.1"
10/3/2024,"1,376.8","1,291.2","1,256.2","1,223.9","1,209.2","1,235.4","1,251.8","1,437.7","1,534.3","1,606.8","1,648.8","1,671.9","1,709.6","1,762.5","1,780.1","1,775.8","1,750.5","1,634.9","1,659.6","1,651.5","1,654.7","1,630.8","1,572.9","1,499.0"
10/4/2024,"1,399.4","1,339.6","1,289.7","1,256.3","1,243.2","1,262.5","1,292.0","1,486.7","1,574.3","1,654.4","1,684.8","1,703.8","1,739.5","1,819.3","1,791.5","1,814.1","1,762.6","1,678.4","1,674.0","1,634.6","1,622.2","1,598.6","1,536.1","1,486.9"
10/5/2024,"1,417.6","1,364.9","1,319.2","1,282.7","1,265.6","1,265.0","1,233.5","1,358.9","1,441.4","1,514.5","1,538.2","1,558.2","1,566.3","1,553.5","1,554.4","1,457.6","1,412.2","1,401.9","1,457.1","1,448.3","1,424.8","1,398.5","1,361.5","1,316.3"
10/6/2024,"1,258.7","1,206.3","1,178.6","1,155.6","1,131.6","1,116.0","1,074.1","1,084.0","1,134.5","1,199.7","1,252.1","1,330.2","1,373.2","1,391.6","1,393.5","1,388.4","1,380.0","1,376.9","1,457.5","1,453.6","1,450.2","1,442.2","1,412.4","1,334.8"
10/7/2024,"1,269.5","1,217.6","1,180.3","1,148.3","1,139.0","1,182.9","1,226.1","1,396.9","1,508.2","1,583.8","1,631.3","1,672.5","1,715.3","1,744.3","1,745.0","1,726.7","1,683.9","1,573.8","1,609.2","1,590.4","1,575.5","1,546.8","1,484.2","1,413.9"
10/8/2024,"1,332.7","1,265.4","1,220.7","1,189.8","1,170.6","1,220.5","1,246.3","1,418.4","1,521.4","1,602.9","1,661.1","1,662.7","1,676.7","1,700.3","1,710.4","1,699.1","1,624.2","1,538.9","1,585.9","1,568.8","1,530.4","1,495.0","1,453.4","1,383.3"
10/9/2024,"1,304.2","1,258.4","1,225.0","1,201.3","1,188.4","1,237.0","1,265.6","1,445.1","1,524.7","1,565.7","1,601.1","1,620.7","1,623.9","1,678.2","1,678.5","1,681.5","1,620.9","1,541.7","1,564.6","1,535.0","1,508.7","1,477.9","1,423.5","1,348.3"
10/10/2024,"1,274.6","1,227.2","1,205.7","1,174.4","1,168.9","1,217.4","1,243.4","1,443.7","1,521.8","1,609.3","1,676.0","1,671.5","1,702.1","1,737.3","1,731.0","1,644.6","1,588.1","1,526.7","1,551.1","1,546.0","1,513.2","1,477.7","1,428.0","1,362.0"
10/11/2024,"1,291.5","1,244.7","1,178.2","1,145.4","1,134.0","1,177.5","1,196.2","1,404.2","1,500.2","1,563.8","1,621.4","1,616.7","1,650.6","1,717.0","1,723.3","1,675.5","1,602.3","1,471.6","1,489.5","1,464.6","1,423.6","1,381.7","1,330.7","1,277.5"
10/12/2024,"1,256.9","1,218.1","1,168.1","1,151.4","1,137.2","1,154.8","1,152.0","1,248.2","1,320.4","1,377.6","1,412.3","1,435.5","1,441.9","1,470.3","1,507.5","1,491.8","1,467.2","1,447.0","1,509.7","1,504.7","1,487.7","1,456.3","1,410.8","1,358.9"
10/13/2024,"1,282.7","1,254.5","1,211.7","1,187.5","1,161.0","1,152.4","1,114.7","1,141.5","1,182.8","1,252.4","1,322.9","1,368.7","1,427.1","1,429.8","1,431.1","1,433.6","1,403.6","1,418.5","1,477.3","1,496.6","1,505.5","1,489.7","1,449.4","1,384.9"
10/14/2024,"1,324.8","1,269.4","1,225.1","1,198.7","1,177.5","1,197.5","1,236.1","1,441.9","1,544.5","1,609.1","1,660.2","1,672.4","1,706.0","1,719.3","1,706.8","1,698.3","1,637.0","1,540.0","1,580.2","1,581.7","1,543.3","1,520.1","1,452.6","1,368.1"
10/15/2024,"1,318.0","1,268.1","1,228.4","1,208.0","1,201.0","1,248.2","1,265.7","1,430.7","1,520.7","1,608.4","1,644.3","1,641.8","1,652.6","1,702.3","1,699.8","1,653.3","1,558.8","1,509.5","1,494.2","1,467.5","1,446.7","1,411.6","1,335.5","1,276.7"
10/16/2024,"1,209.8","1,157.7","1,131.3","1,085.7","1,096.6","1,154.7","1,213.0","1,340.2","1,421.0","1,512.6","1,578.1","1,622.1","1,684.1","1,702.8","1,676.7","1,671.4","1,602.1","1,522.0","1,538.0","1,552.1","1,517.1","1,475.0","1,404.2","1,356.4"
10/17/2024,"1,293.7","1,239.0","1,195.4","1,177.0","1,172.4","1,195.3","1,235.4","1,396.1","1,481.9","1,553.0","1,609.7","1,632.6","1,644.8","1,670.2","1,721.7","1,714.0","1,679.5","1,591.6","1,648.9","1,622.8","1,605.9","1,559.2","1,512.8","1,446.7"
10/18/2024,"1,367.6","1,299.3","1,241.8","1,230.2","1,218.7","1,236.2","1,271.6","1,440.4","1,552.6","1,632.3","1,672.6","1,710.3","1,727.8","1,773.5","1,791.2","1,759.2","1,666.3","1,580.2","1,599.7","1,571.8","1,552.8","1,515.6","1,470.8","1,417.5"
10/19/2024,"1,348.1","1,290.9","1,244.9","1,222.6","1,193.4","1,197.8","1,181.7","1,271.2","1,382.6","1,480.4","1,553.0","1,594.3","1,558.6","1,489.3","1,433.2","1,384.4","1,329.4","1,349.9","1,356.7","1,351.0","1,319.2","1,287.0","1,237.0","1,186.6"
10/20/2024,"1,140.0","1,121.5","1,101.7","1,084.1","1,076.2","1,073.1","1,014.3","1,080.9","1,130.0","1,190.1","1,289.2","1,311.8","1,297.1","1,274.0","1,268.7","1,226.9","1,205.8","1,247.5","1,286.6","1,278.1","1,277.4","1,254.5","1,206.1","1,153.5"
10/21/2024,"1,106.0","1,076.3","1,042.0","1,034.4","1,015.7","1,082.3","1,126.6","1,308.5","1,389.1","1,469.2","1,542.5","1,587.0","1,610.1","1,659.9","1,699.1","1,697.3","1,616.2","1,523.2","1,559.4","1,561.9","1,545.6","1,506.0","1,438.9","1,356.4"
10/22/2024,"1,294.9","1,240.9","1,210.9","1,186.1","1,166.7","1,219.3","1,209.6","1,382.1","1,467.9","1,536.0","1,564.5","1,607.7","1,650.4","1,688.8","1,709.2","1,697.6","1,653.3","1,552.9","1,559.5","1,556.4","1,526.5","1,499.5","1,451.9","1,381.5"
10/23/2024,"1,306.6","1,235.3","1,206.7","1,169.4","1,152.5","1,197.9","1,212.2","1,405.0","1,539.0","1,625.8","1,679.5","1,717.9","1,720.9","1,742.5","1,728.4","1,753.6","1,624.4","1,535.3","1,581.6","1,574.2","1,553.7","1,529.5","1,447.3","1,384.8"
10/24/2024,"1,304.8","1,252.9","1,199.8","1,172.4","1,167.0","1,190.4","1,250.0","1,421.6","1,554.7","1,620.1","1,686.8","1,712.9","1,710.1","1,734.6","1,744.7","1,717.1","1,652.2","1,587.4","1,638.0","1,622.8","1,577.3","1,554.2","1,493.3","1,437.4"
10/25/2024,"1,349.1","1,299.0","1,254.8","1,223.4","1,206.6","1,239.3","1,263.0","1,417.7","1,520.8","1,585.8","1,626.9","1,647.0","1,621.6","1,633.9","1,655.5","1,647.8","1,605.4","1,512.8","1,569.0","1,556.1","1,522.7","1,496.2","1,441.3","1,391.9"
10/26/2024,"1,324.0","1,259.4","1,233.4","1,207.2","1,175.8","1,184.7","1,166.9","1,298.0","1,419.7","1,478.1","1,544.2","1,578.7","1,556.6","1,605.7","1,593.5","1,598.5","1,504.3","1,490.7","1,496.6","1,486.4","1,459.5","1,429.9","1,354.9","1,314.3"
10/27/2024,"1,268.7","1,226.0","1,192.5","1,165.1","1,153.9","1,163.8","1,135.9","1,147.5","1,184.7","1,213.1","1,268.7","1,309.4","1,322.4","1,396.3","1,393.2","1,426.2","1,413.0","1,420.8","1,473.3","1,452.1","1,446.3","1,428.5","1,389.5","1,337.7"
10/28/2024,"1,284.0","1,238.5","1,208.5","1,188.3","1,177.8","1,227.9","1,234.2","1,420.8","1,554.0","1,630.4","1,681.8","1,708.4","1,723.5","1,738.0","1,770.2","1,736.7","1,641.7","1,514.9","1,540.4","1,527.8","1,513.3","1,479.2","1,419.7","1,351.0"
10/29/2024,"1,276.2","1,236.9","1,205.4","1,173.7","1,170.8","1,218.7","1,232.4","1,401.4","1,490.8","1,578.4","1,654.7","1,683.2","1,693.7","1,741.0","1,772.4","1,754.4","1,707.6","1,605.3","1,647.8","1,620.7","1,590.3","1,570.8","1,500.2","1,438.5"
10/30/2024,"1,370.9","1,310.1","1,261.8","1,229.5","1,206.6","1,223.3","1,258.1","1,417.3","1,536.4","1,603.0","1,643.0","1,669.1","1,719.6","1,742.9","1,748.3","1,670.7","1,590.0","1,515.0","1,555.3","1,535.8","1,513.8","1,481.8","1,418.7","1,348.2"
10/31/2024,"1,285.7","1,238.0","1,187.2","1,159.5","1,146.3","1,195.2","1,226.9","1,380.7","1,501.0","1,534.1","1,572.3","1,573.3","1,561.3","1,599.0","1,587.5","1,559.8","1,502.9","1,468.2","1,496.2","1,476.2","1,438.3","1,411.0","1,369.8","1,313.2"
11/1/2024,"1,232.8","1,187.2","1,155.6","1,127.0","1,137.5","1,189.4","1,191.4","1,334.5","1,470.1","1,574.6","1,591.7","1,617.7","1,647.1","1,658.2","1,635.0","1,606.8","1,537.6","1,441.7","1,467.7","1,441.1","1,425.6","1,376.0","1,357.9","1,289.3"
11/2/2024,"1,257.0","1,207.9","1,182.8","1,167.8","1,157.1","1,162.7","1,149.0","1,231.2","1,310.9","1,389.3","1,409.9","1,431.7","1,423.3","1,437.3","1,439.0","1,373.5","1,359.4","1,359.2","1,376.5","1,364.4","1,339.4","1,322.8","1,274.3","1,227.1"
11/3/2024,"1,193.6","1,156.7","1,118.5","1,097.9","1,077.7","1,076.5","1,050.6","1,084.1","1,124.8","1,164.1","1,190.4","1,214.0","1,229.0","1,223.8","1,212.1","1,194.2","1,192.1","1,219.1","1,281.1","1,271.2","1,272.1","1,257.0","1,212.1","1,163.1"
11/4/2024,"1,133.7","1,102.6","1,079.5","1,068.3","1,040.5","1,048.3","1,044.2","1,082.4","1,110.9","1,149.6","1,233.5","1,280.3","1,276.3","1,282.7","1,305.0","1,292.4","1,256.5","1,277.6","1,315.3","1,307.1","1,292.3","1,276.2","1,252.8","1,187.5"
11/5/2024,"1,174.3","1,129.1","1,087.0","1,061.9","1,053.1","1,080.5","1,062.4","1,116.4","1,138.4","1,177.3","1,224.0","1,296.9","1,314.5","1,359.1","1,382.2","1,391.6","1,369.4","1,388.6","1,438.2","1,424.7","1,413.6","1,403.5","1,357.5","1,316.3"
11/6/2024,"1,229.2","1,189.0","1,158.3","1,130.8","1,116.8","1,163.5","1,221.8","1,382.1","1,463.2","1,538.1","1,594.4","1,625.4","1,628.0","1,688.4","1,680.7","1,672.6","1,625.3","1,536.1","1,567.9","1,556.7","1,516.0","1,498.9","1,438.6","1,378.4"
11/7/2024,"1,298.8","1,244.3","1,200.5","1,175.7","1,154.4","1,203.6","1,242.2","1,448.3","1,501.2","1,561.6","1,640.3","1,676.0","1,652.5","1,709.7","1,737.2","1,734.0","1,635.6","1,532.2","1,547.5","1,527.6","1,495.9","1,494.6","1,458.9","1,397.9"
11/8/2024,"1,323.1","1,280.5","1,229.3","1,180.3","1,168.0","1,207.0","1,226.8","1,452.8","1,575.2","1,634.2","1,671.0","1,663.0","1,640.7","1,650.4","1,621.4","1,567.4","1,526.9","1,482.2","1,508.6","1,457.9","1,430.3","1,389.5","1,354.3","1,298.8"
11/9/2024,"1,254.4","1,176.1","1,130.4","1,127.5","1,123.6","1,132.5","1,141.9","1,260.8","1,354.2","1,404.2","1,444.6","1,460.7","1,434.8","1,413.8","1,401.4","1,403.0","1,366.6","1,378.8","1,423.6","1,407.8","1,371.3","1,321.3","1,278.6","1,230.1"
11/10/2024,"1,192.7","1,145.3","1,118.2","1,095.8","1,080.4","1,072.4","1,050.5","1,086.8","1,108.0","1,110.0","1,158.5","1,195.6","1,214.7","1,237.5","1,245.1","1,246.6","1,247.5","1,256.0","1,300.1","1,291.2","1,282.0","1,281.8","1,241.7","1,203.8"
11/11/2024,"1,170.0","1,145.3","1,115.2","1,097.7","1,084.0","1,089.5","1,081.2","1,116.7","1,145.0","1,169.0","1,229.4","1,251.1","1,252.3","1,256.5","1,257.7","1,266.6","1,252.1","1,276.5","1,347.3","1,331.3","1,327.4","1,285.8","1,279.1","1,222.0"
11/12/2024,"1,184.5","1,160.0","1,125.2","1,100.0","1,103.5","1,160.4","1,220.5","1,409.7","1,473.6","1,525.2","1,562.9","1,600.2","1,581.9","1,595.2","1,587.8","1,571.3","1,521.9","1,445.5","1,489.4","1,480.9","1,447.2","1,393.0","1,339.2","1,304.4"
11/13/2024,"1,236.6","1,198.0","1,176.5","1,160.6","1,147.6","1,200.5","1,236.3","1,392.4","1,454.3","1,502.6","1,547.7","1,558.9","1,540.7","1,543.9","1,532.1","1,502.1","1,489.2","1,411.5","1,450.5","1,412.1","1,378.9","1,331.8","1,298.7","1,225.8"
11/14/2024,"1,168.4","1,150.1","1,120.3","1,103.9","1,106.6","1,171.7","1,216.9","1,376.0","1,428.3","1,479.6","1,525.8","1,542.7","1,541.7","1,559.6","1,557.4","1,529.5","1,487.8","1,437.8","1,485.4","1,455.1","1,430.8","1,376.9","1,339.7","1,268.0"
11/15/2024,"1,207.5","1,151.1","1,111.4","1,096.9","1,093.3","1,145.9","1,178.5","1,334.6","1,411.0","1,485.8","1,525.3","1,559.9","1,567.7","1,564.4","1,597.8","1,579.7","1,540.3","1,456.5","1,513.4","1,482.0","1,442.7","1,410.9","1,367.9","1,321.2"
11/16/2024,"1,276.5","1,214.2","1,178.0","1,155.1","1,134.9","1,143.4","1,134.8","1,240.0","1,321.3","1,391.3","1,434.8","1,460.0","1,433.9","1,436.2","1,423.2","1,403.1","1,388.2","1,406.2","1,440.2","1,433.6","1,401.9","1,348.2","1,310.8","1,271.8"
11/17/2024,"1,232.1","1,200.1","1,159.9","1,131.7","1,109.8","1,103.0","1,076.4","1,099.3","1,122.5","1,155.7","1,232.9","1,261.5","1,306.7","1,306.1","1,328.9","1,352.9","1,349.7","1,347.8","1,414.2","1,428.4","1,416.2","1,418.5","1,384.9","1,325.3"
11/18/2024,"1,270.6","1,242.4","1,205.1","1,174.5","1,165.8","1,215.0","1,250.4","1,417.2","1,509.6","1,597.1","1,672.6","1,688.5","1,698.4","1,726.5","1,739.0","1,715.9","1,661.4","1,515.9","1,554.2","1,545.3","1,536.8","1,497.2","1,447.0","1,385.4"
11/19/2024,"1,322.8","1,270.6","1,237.3","1,209.1","1,202.9","1,257.2","1,265.0","1,447.7","1,536.7","1,642.3","1,674.0","1,701.7","1,736.3","1,763.5","1,746.9","1,700.1","1,638.2","1,547.7","1,578.4","1,565.7","1,533.7","1,509.5","1,462.1","1,379.5"
11/20/2024,"1,317.2","1,264.1","1,235.9","1,215.0","1,208.7","1,244.8","1,267.0","1,431.3","1,518.0","1,597.2","1,667.4","1,708.6","1,706.6","1,714.6","1,713.0","1,594.9","1,538.5","1,482.0","1,506.2","1,480.7","1,462.5","1,421.2","1,387.8","1,330.1"
11/21/2024,"1,268.7","1,228.5","1,192.5","1,174.6","1,152.8","1,213.7","1,227.7","1,373.1","1,492.4","1,580.4","1,646.5","1,667.1","1,662.2","1,711.2","1,736.9","1,698.3","1,609.6","1,505.5","1,547.3","1,572.8","1,503.0","1,462.4","1,415.1","1,339.6"
11/22/2024,"1,268.5","1,232.0","1,190.6","1,164.1","1,162.9","1,188.7","1,232.2","1,387.8","1,507.0","1,622.8","1,664.0","1,676.4","1,678.7","1,654.8","1,639.8","1,547.9","1,499.0","1,448.9","1,481.8","1,444.6","1,412.1","1,372.6","1,328.4","1,255.7"
11/23/2024,"1,207.9","1,157.7","1,136.8","1,119.9","1,106.6","1,126.9","1,138.4","1,219.8","1,316.4","1,373.2","1,416.5","1,430.0","1,436.5","1,423.8","1,432.2","1,436.1","1,376.9","1,385.7","1,441.0","1,426.8","1,382.5","1,367.7","1,338.7","1,293.6"
11/24/2024,"1,231.6","1,187.2","1,143.2","1,120.8","1,109.8","1,095.3","1,066.1","1,109.8","1,156.2","1,210.3","1,283.3","1,312.0","1,311.4","1,336.8","1,384.6","1,403.5","1,416.2","1,385.9","1,441.6","1,450.8","1,443.5","1,432.3","1,386.0","1,344.8"
11/25/2024,"1,286.2","1,228.2","1,200.8","1,178.5","1,181.3","1,239.8","1,265.7","1,430.1","1,527.4","1,611.0","1,644.9","1,668.4","1,679.0","1,724.2","1,753.4","1,735.1","1,643.3","1,559.9","1,601.2","1,595.2","1,565.3","1,540.5","1,499.9","1,436.5"
11/26/2024,"1,344.6","1,274.8","1,255.1","1,228.2","1,219.2","1,267.6","1,281.4","1,428.6","1,552.6","1,594.9","1,688.5","1,715.8","1,724.2","1,741.5","1,744.5","1,690.3","1,628.8","1,536.6","1,561.4","1,551.2","1,524.7","1,501.0","1,449.8","1,386.4"
11/27/2024,"1,313.5","1,270.3","1,235.7","1,210.9","1,198.0","1,258.5","1,278.7","1,421.4","1,534.3","1,588.9","1,640.0","1,675.5","1,658.2","1,673.0","1,685.7","1,625.2","1,547.9","1,471.2","1,480.2","1,457.5","1,401.5","1,374.1","1,328.0","1,291.5"
11/28/2024,"1,220.9","1,173.4","1,143.0","1,138.0","1,112.4","1,112.7","1,092.9","1,164.8","1,228.6","1,294.5","1,368.8","1,391.9","1,394.2","1,435.8","1,460.9","1,468.2","1,415.8","1,414.6","1,461.2","1,442.1","1,440.7","1,415.5","1,383.6","1,344.7"
11/29/2024,"1,267.9","1,211.6","1,183.0","1,151.1","1,148.2","1,194.0","1,232.8","1,395.5","1,527.4","1,619.1","1,663.9","1,714.0","1,697.5","1,732.3","1,741.4","1,747.8","1,686.4","1,588.8","1,604.3","1,574.5","1,541.1","1,490.3","1,455.3","1,410.5"
11/30/2024,"1,350.0","1,307.2","1,260.5","1,230.6","1,202.4","1,204.3","1,197.4","1,310.4","1,402.6","1,498.6","1,579.3","1,591.1","1,583.7","1,595.5","1,586.3","1,554.2","1,537.9","1,486.8","1,543.9","1,536.3","1,504.2","1,460.5","1,439.0","1,389.5"
12/1/2024,"1,354.9","1,297.2","1,271.2","1,224.1","1,191.0","1,177.3","1,156.1","1,170.0","1,217.3","1,283.1","1,351.5","1,426.6","1,430.3","1,426.0","1,439.2","1,479.6","1,467.5","1,438.2","1,514.7","1,510.8","1,478.1","1,469.0","1,432.7","1,378.3"
12/2/2024,"1,338.6","1,283.7","1,253.7","1,206.8","1,202.0","1,250.7","1,300.1","1,446.9","1,563.7","1,647.9","1,687.3","1,710.4","1,683.8","1,673.4","1,679.8","1,650.3","1,584.6","1,504.9","1,556.1","1,542.6","1,518.2","1,480.5","1,445.2","1,384.8"
12/3/2024,"1,309.8","1,274.9","1,240.7","1,223.7","1,206.9","1,249.8","1,294.6","1,473.1","1,568.1","1,675.4","1,714.8","1,735.2","1,753.7","1,823.8","1,820.8","1,731.8","1,642.0","1,571.6","1,606.9","1,602.5","1,584.2","1,539.5","1,489.6","1,427.1"
12/4/2024,"1,361.2","1,307.9","1,261.4","1,231.8","1,209.9","1,259.5","1,277.2","1,443.7","1,598.8","1,643.3","1,696.2","1,736.4","1,755.1","1,820.8","1,829.7","1,822.2","1,721.3","1,645.4","1,666.4","1,651.0","1,620.9","1,576.6","1,549.8","1,479.9"
12/5/2024,"1,384.3","1,313.9","1,282.2","1,252.5","1,238.6","1,267.9","1,295.0","1,481.4","1,569.7","1,664.0","1,738.9","1,766.0","1,763.3","1,804.9","1,823.3","1,794.8","1,731.9","1,628.5","1,676.8","1,652.4","1,648.6","1,634.2","1,552.4","1,482.4"
12/6/2024,"1,402.6","1,347.6","1,304.7","1,269.0","1,242.5","1,284.1","1,312.6","1,478.5","1,602.6","1,689.5","1,728.5","1,736.2","1,644.1","1,672.6","1,656.7","1,657.8","1,596.7","1,547.7","1,620.6","1,593.6","1,571.8","1,516.2","1,472.4","1,413.9"
12/7/2024,"1,343.5","1,293.8","1,248.6","1,206.1","1,194.9","1,208.9","1,195.3","1,313.5","1,395.2","1,474.8","1,539.4","1,532.1","1,543.4","1,552.9","1,555.9","1,558.9","1,579.8","1,521.6","1,571.9","1,557.9","1,513.8","1,473.2","1,459.3","1,410.1"
12/8/2024,"1,349.8","1,296.7","1,254.3","1,182.0","1,161.3","1,175.0","1,137.9","1,132.6","1,189.1","1,240.6","1,299.2","1,336.6","1,366.9","1,392.7","1,411.8","1,428.7","1,414.3","1,411.8","1,444.1","1,438.0","1,433.0","1,425.6","1,414.4","1,367.8"
12/9/2024,"1,303.0","1,259.9","1,224.7","1,193.0","1,161.2","1,147.5","1,132.8","1,176.7","1,239.9","1,318.3","1,424.1","1,456.1","1,508.5","1,530.6","1,579.2","1,556.0","1,541.6","1,535.0","1,576.8","1,570.3","1,556.1","1,535.6","1,483.5","1,419.2"
12/10/2024,"1,356.1","1,294.9","1,248.1","1,215.6","1,176.9","1,239.5","1,288.7","1,486.2","1,593.8","1,689.3","1,753.8","1,792.3","1,824.8","1,875.1","1,892.3","1,871.6","1,811.2","1,693.5","1,712.6","1,689.7","1,659.7","1,613.1","1,536.9","1,452.1"
12/11/2024,"1,385.1","1,339.0","1,292.4","1,262.3","1,247.1","1,272.2","1,287.8","1,469.3","1,601.7","1,677.9","1,764.0","1,795.6","1,822.9","1,821.2","1,826.1","1,776.9","1,712.7","1,615.4","1,644.1","1,629.4","1,611.6","1,559.3","1,504.3","1,461.2"
12/12/2024,"1,413.3","1,334.0","1,301.6","1,261.3","1,237.9","1,262.2","1,277.3","1,463.9","1,589.8","1,682.5","1,719.9","1,758.2","1,785.1","1,811.2","1,832.7","1,815.3","1,737.3","1,628.4","1,627.8","1,620.0","1,614.3","1,555.5","1,522.8","1,466.8"
12/13/2024,"1,405.8","1,338.6","1,287.5","1,244.3","1,224.6","1,257.3","1,270.1","1,410.5","1,508.3","1,611.4","1,664.2","1,703.7","1,722.5","1,741.7","1,745.0","1,689.5","1,671.6","1,578.3","1,607.0","1,592.3","1,561.2","1,516.5","1,451.7","1,418.7"
12/14/2024,"1,378.3","1,325.2","1,273.6","1,240.4","1,224.2","1,223.3","1,214.1","1,335.5","1,423.4","1,478.0","1,517.1","1,555.3","1,533.9","1,522.7","1,540.3","1,556.6","1,543.7","1,493.1","1,519.3","1,503.0","1,475.6","1,429.0","1,378.9","1,349.2"
12/15/2024,"1,302.5","1,235.9","1,214.7","1,185.2","1,147.9","1,138.9","1,128.2","1,113.1","1,163.4","1,210.8","1,291.4","1,282.9","1,317.2","1,333.1","1,326.2","1,334.3","1,338.8","1,346.7","1,424.0","1,422.0","1,409.7","1,386.8","1,352.8","1,335.1"
12/16/2024,"1,247.8","1,198.2","1,164.0","1,129.3","1,107.6","1,155.3","1,198.4","1,365.5","1,467.8","1,554.2","1,631.3","1,635.6","1,624.0","1,662.9","1,683.9","1,674.1","1,644.8","1,549.3","1,563.9","1,552.4","1,538.2","1,508.3","1,452.6","1,409.9"
12/17/2024,"1,356.6","1,290.4","1,250.2","1,221.7","1,192.3","1,217.4","1,247.6","1,394.6","1,524.4","1,575.9","1,625.9","1,652.9","1,683.5","1,742.1","1,757.1","1,728.5","1,682.1","1,602.4","1,699.8","1,680.1","1,668.4","1,625.3","1,581.9","1,477.3"
12/18/2024,"1,417.5","1,349.1","1,300.5","1,269.1","1,263.5","1,292.6","1,309.0","1,478.2","1,570.6","1,642.8","1,717.2","1,729.2","1,747.1","1,808.8","1,830.9","1,827.8","1,755.2","1,672.3","1,700.0","1,693.2","1,671.9","1,623.1","1,589.9","1,513.0"
12/19/2024,"1,459.7","1,394.9","1,344.0","1,310.8","1,287.5","1,317.8","1,328.7","1,464.9","1,562.8","1,651.2","1,723.1","1,757.2","1,761.3","1,790.0","1,811.4","1,783.8","1,725.6","1,637.2","1,705.7","1,680.3","1,656.1","1,600.1","1,559.3","1,504.1"
12/20/2024,"1,448.0","1,395.7","1,344.8","1,298.0","1,260.7","1,258.8","1,271.6","1,259.4","1,355.5","1,431.8","1,485.3","1,482.8","1,509.5","1,508.6","1,496.6","1,463.0","1,468.3","1,473.0","1,540.1","1,539.4","1,530.0","1,516.6","1,469.8","1,425.0"
12/21/2024,"1,364.0","1,304.0","1,255.1","1,224.9","1,209.1","1,232.6","1,242.7","1,299.7","1,407.7","1,462.3","1,480.6","1,484.3","1,466.8","1,438.7","1,486.3","1,467.2","1,411.7","1,402.0","1,467.8","1,464.2","1,439.5","1,392.5","1,336.7","1,298.9"
12/22/2024,"1,264.7","1,239.8","1,191.7","1,151.4","1,131.8","1,120.4","1,124.4","1,095.3","1,134.8","1,200.1","1,261.9","1,278.1","1,281.0","1,311.7","1,330.2","1,336.0","1,291.5","1,292.5","1,398.0","1,389.7","1,376.9","1,356.9","1,335.6","1,279.8"
12/23/2024,"1,220.2","1,173.6","1,125.4","1,084.7","1,083.7","1,123.8","1,164.9","1,314.3","1,411.5","1,498.1","1,563.2","1,627.7","1,615.8","1,634.0","1,646.2","1,637.2","1,576.0","1,450.5","1,483.7","1,476.1","1,454.4","1,432.0","1,397.8","1,355.2"
12/24/2024,"1,299.6","1,254.5","1,203.9","1,172.9","1,160.4","1,186.7","1,203.4","1,309.7","1,403.5","1,465.1","1,506.6","1,522.3","1,517.7","1,527.4","1,500.1","1,475.2","1,437.9","1,424.8","1,487.3","1,478.6","1,432.0","1,360.7","1,312.7","1,262.5"
12/25/2024,"1,199.9","1,197.7","1,182.7","1,156.2","1,129.1","1,118.0","1,106.5","1,076.3","1,105.6","1,150.9","1,169.5","1,210.0","1,222.6","1,227.0","1,205.0","1,206.4","1,201.8","1,210.2","1,300.1","1,308.7","1,315.4","1,307.3","1,286.7","1,245.3"
12/26/2024,"1,213.7","1,173.9","1,143.5","1,123.8","1,127.5","1,163.5","1,203.5","1,369.6","1,454.5","1,528.8","1,587.0","1,628.6","1,634.2","1,655.4","1,651.7","1,657.4","1,578.4","1,483.7","1,531.5","1,517.6","1,505.6","1,470.1","1,440.1","1,379.3"
12/27/2024,"1,309.4","1,259.1","1,223.7","1,191.2","1,171.6","1,205.7","1,237.3","1,376.4","1,449.8","1,508.3","1,569.4","1,589.0","1,599.0","1,617.1","1,587.2","1,552.1","1,495.9","1,420.1","1,508.2","1,514.9","1,491.2","1,444.7","1,392.7","1,336.4"
12/28/2024,"1,274.7","1,218.2","1,181.6","1,157.8","1,137.5","1,147.5","1,168.8","1,221.9","1,317.8","1,377.5","1,403.1","1,416.7","1,376.9","1,341.1","1,334.3","1,324.4","1,316.3","1,331.0","1,396.4","1,405.1","1,373.7","1,326.2","1,286.3","1,245.0"
12/29/2024,"1,207.7","1,155.9","1,120.2","1,094.6","1,077.2","1,076.6","1,084.0","1,088.7","1,112.8","1,164.8","1,205.5","1,247.2","1,236.3","1,250.4","1,238.3","1,240.5","1,249.5","1,254.1","1,321.6","1,309.2","1,313.3","1,268.5","1,242.4","1,208.3"
12/30/2024,"1,150.2","1,107.5","1,071.1","1,040.2","1,032.4","1,072.0","1,108.7","1,243.5","1,354.5","1,454.8","1,511.7","1,537.6","1,538.5","1,553.7","1,571.5","1,555.4","1,464.2","1,376.6","1,459.8","1,443.0","1,426.0","1,405.0","1,345.6","1,298.9"
12/31/2024,"1,242.2","1,193.6","1,147.3","1,118.5","1,107.9","1,119.1","1,141.0","1,226.2","1,324.2","1,387.8","1,444.6","1,445.3","1,359.9","1,330.1","1,321.4","1,306.6","1,300.4","1,305.4","1,376.7","1,373.4","1,345.5","1,285.7","1,219.3","1,181.2"
